sample,config,baseline_miou,degraded_miou,miou_drop,sensitivity,geo_exp,geo_shift,ling_err,vis_sigma,n_pred_masks,n_gt_masks
synthetic_000,geo_0_0_ling_0_vis_0,0.8249,0.812,0.013,0.012954,0,0,0.0,0,3,1
synthetic_000,geo_0_0_ling_0_vis_10,0.8249,0.7582,0.0667,0.003335,0,0,0.0,10,4,1
synthetic_000,geo_0_0_ling_0_vis_25,0.8249,0.7217,0.1032,0.002064,0,0,0.0,25,4,1
synthetic_000,geo_0_0_ling_0_vis_50,0.8249,0.679,0.1459,0.001459,0,0,0.0,50,3,1
synthetic_000,geo_0_0_ling_10_vis_0,0.8249,0.795,0.0299,0.002988,0,0,0.1,0,3,1
synthetic_000,geo_0_0_ling_10_vis_10,0.8249,0.7857,0.0392,0.001308,0,0,0.1,10,5,1
synthetic_000,geo_0_0_ling_10_vis_25,0.8249,0.6616,0.1633,0.002721,0,0,0.1,25,4,1
synthetic_000,geo_0_0_ling_10_vis_50,0.8249,0.5803,0.2446,0.002224,0,0,0.1,50,5,1
synthetic_000,geo_0_0_ling_20_vis_0,0.8249,0.7688,0.0561,0.002807,0,0,0.2,0,6,1
synthetic_000,geo_0_0_ling_20_vis_10,0.8249,0.7392,0.0857,0.002143,0,0,0.2,10,3,1
synthetic_000,geo_0_0_ling_20_vis_25,0.8249,0.5991,0.2258,0.003226,0,0,0.2,25,5,1
synthetic_000,geo_0_0_ling_20_vis_50,0.8249,0.5929,0.232,0.001933,0,0,0.2,50,5,1
synthetic_000,geo_0_0_ling_30_vis_0,0.8249,0.7833,0.0416,0.001388,0,0,0.3,0,7,1
synthetic_000,geo_0_0_ling_30_vis_10,0.8249,0.7109,0.114,0.00228,0,0,0.3,10,3,1
synthetic_000,geo_0_0_ling_30_vis_25,0.8249,0.5947,0.2302,0.002877,0,0,0.3,25,3,1
synthetic_000,geo_0_0_ling_30_vis_50,0.8249,0.5215,0.3034,0.002334,0,0,0.3,50,6,1
synthetic_000,geo_10_5_ling_0_vis_0,0.8249,0.6486,0.1763,0.003527,10,5,0.0,0,7,1
synthetic_000,geo_10_5_ling_0_vis_10,0.8249,0.6748,0.1501,0.002144,10,5,0.0,10,2,1
synthetic_000,geo_10_5_ling_0_vis_25,0.8249,0.4732,0.3517,0.003517,10,5,0.0,25,6,1
synthetic_000,geo_10_5_ling_0_vis_50,0.8249,0.4107,0.4142,0.002761,10,5,0.0,50,2,1
synthetic_000,geo_10_5_ling_10_vis_0,0.8249,0.7238,0.1011,0.001685,10,5,0.1,0,6,1
synthetic_000,geo_10_5_ling_10_vis_10,0.8249,0.6903,0.1346,0.001683,10,5,0.1,10,2,1
synthetic_000,geo_10_5_ling_10_vis_25,0.8249,0.4784,0.3465,0.00315,10,5,0.1,25,4,1
synthetic_000,geo_10_5_ling_10_vis_50,0.8249,0.3143,0.5106,0.003191,10,5,0.1,50,4,1
synthetic_000,geo_10_5_ling_20_vis_0,0.8249,0.7263,0.0986,0.001408,10,5,0.2,0,2,1
synthetic_000,geo_10_5_ling_20_vis_10,0.8249,0.5839,0.241,0.002678,10,5,0.2,10,3,1
synthetic_000,geo_10_5_ling_20_vis_25,0.8249,0.5926,0.2323,0.001936,10,5,0.2,25,6,1
synthetic_000,geo_10_5_ling_20_vis_50,0.8249,0.3443,0.4806,0.002827,10,5,0.2,50,7,1
synthetic_000,geo_10_5_ling_30_vis_0,0.8249,0.5837,0.2412,0.003015,10,5,0.3,0,7,1
synthetic_000,geo_10_5_ling_30_vis_10,0.8249,0.5066,0.3183,0.003183,10,5,0.3,10,6,1
synthetic_000,geo_10_5_ling_30_vis_25,0.8249,0.4847,0.3402,0.002617,10,5,0.3,25,2,1
synthetic_000,geo_10_5_ling_30_vis_50,0.8249,0.2678,0.5571,0.003095,10,5,0.3,50,3,1
synthetic_000,geo_20_10_ling_0_vis_0,0.8249,0.6982,0.1267,0.001267,20,10,0.0,0,5,1
synthetic_000,geo_20_10_ling_0_vis_10,0.8249,0.4062,0.4187,0.003489,20,10,0.0,10,6,1
synthetic_000,geo_20_10_ling_0_vis_25,0.8249,0.4055,0.4194,0.002796,20,10,0.0,25,5,1
synthetic_000,geo_20_10_ling_0_vis_50,0.8249,0.1366,0.6884,0.003442,20,10,0.0,50,6,1
synthetic_000,geo_20_10_ling_10_vis_0,0.8249,0.597,0.2279,0.002072,20,10,0.1,0,5,1
synthetic_000,geo_20_10_ling_10_vis_10,0.8249,0.6005,0.2244,0.001726,20,10,0.1,10,7,1
synthetic_000,geo_20_10_ling_10_vis_25,0.8249,0.3177,0.5072,0.00317,20,10,0.1,25,2,1
synthetic_000,geo_20_10_ling_10_vis_50,0.8249,0.3835,0.4414,0.002102,20,10,0.1,50,2,1
synthetic_000,geo_20_10_ling_20_vis_0,0.8249,0.6066,0.2183,0.001819,20,10,0.2,0,7,1
synthetic_000,geo_20_10_ling_20_vis_10,0.8249,0.4923,0.3326,0.002376,20,10,0.2,10,2,1
synthetic_000,geo_20_10_ling_20_vis_25,0.8249,0.427,0.3979,0.002341,20,10,0.2,25,4,1
synthetic_000,geo_20_10_ling_20_vis_50,0.8249,0.3344,0.4905,0.00223,20,10,0.2,50,2,1
synthetic_000,geo_20_10_ling_30_vis_0,0.8249,0.5252,0.2997,0.002305,20,10,0.3,0,5,1
synthetic_000,geo_20_10_ling_30_vis_10,0.8249,0.5249,0.3,0.002,20,10,0.3,10,3,1
synthetic_000,geo_20_10_ling_30_vis_25,0.8249,0.3073,0.5176,0.002875,20,10,0.3,25,2,1
synthetic_000,geo_20_10_ling_30_vis_50,0.8249,0.1898,0.6351,0.002761,20,10,0.3,50,7,1
synthetic_000,geo_30_15_ling_0_vis_0,0.8249,0.5496,0.2753,0.001835,30,15,0.0,0,5,1
synthetic_000,geo_30_15_ling_0_vis_10,0.8249,0.5426,0.2823,0.001661,30,15,0.0,10,4,1
synthetic_000,geo_30_15_ling_0_vis_25,0.8249,0.4308,0.3941,0.001971,30,15,0.0,25,3,1
synthetic_000,geo_30_15_ling_0_vis_50,0.8249,0.1051,0.7198,0.002879,30,15,0.0,50,4,1
synthetic_000,geo_30_15_ling_10_vis_0,0.8249,0.3325,0.4924,0.003078,30,15,0.1,0,4,1
synthetic_000,geo_30_15_ling_10_vis_10,0.8249,0.4802,0.3447,0.001915,30,15,0.1,10,6,1
synthetic_000,geo_30_15_ling_10_vis_25,0.8249,0.1713,0.6536,0.003112,30,15,0.1,25,3,1
synthetic_000,geo_30_15_ling_10_vis_50,0.8249,0.1823,0.6426,0.002472,30,15,0.1,50,4,1
synthetic_000,geo_30_15_ling_20_vis_0,0.8249,0.4428,0.3821,0.002248,30,15,0.2,0,2,1
synthetic_000,geo_30_15_ling_20_vis_10,0.8249,0.3325,0.4924,0.002591,30,15,0.2,10,2,1
synthetic_000,geo_30_15_ling_20_vis_25,0.8249,0.4287,0.3962,0.001801,30,15,0.2,25,3,1
synthetic_000,geo_30_15_ling_20_vis_50,0.8249,0.0,0.9108,0.003373,30,15,0.2,50,5,1
synthetic_000,geo_30_15_ling_30_vis_0,0.8249,0.3707,0.4542,0.002523,30,15,0.3,0,5,1
synthetic_000,geo_30_15_ling_30_vis_10,0.8249,0.3057,0.5192,0.002596,30,15,0.3,10,4,1
synthetic_000,geo_30_15_ling_30_vis_25,0.8249,0.3738,0.4511,0.001961,30,15,0.3,25,4,1
synthetic_000,geo_30_15_ling_30_vis_50,0.8249,0.0,0.8782,0.003137,30,15,0.3,50,7,1
synthetic_001,geo_0_0_ling_0_vis_0,0.906,0.9014,0.0045,0.004526,0,0,0.0,0,4,1
synthetic_001,geo_0_0_ling_0_vis_10,0.906,0.8441,0.0618,0.003092,0,0,0.0,10,2,1
synthetic_001,geo_0_0_ling_0_vis_25,0.906,0.7273,0.1787,0.003573,0,0,0.0,25,6,1
synthetic_001,geo_0_0_ling_0_vis_50,0.906,0.7016,0.2043,0.002043,0,0,0.0,50,2,1
synthetic_001,geo_0_0_ling_10_vis_0,0.906,0.906,0.0,0.0,0,0,0.1,0,4,1
synthetic_001,geo_0_0_ling_10_vis_10,0.906,0.822,0.084,0.002798,0,0,0.1,10,2,1
synthetic_001,geo_0_0_ling_10_vis_25,0.906,0.7054,0.2006,0.003343,0,0,0.1,25,7,1
synthetic_001,geo_0_0_ling_10_vis_50,0.906,0.6844,0.2216,0.002015,0,0,0.1,50,7,1
synthetic_001,geo_0_0_ling_20_vis_0,0.906,0.8186,0.0874,0.004368,0,0,0.2,0,4,1
synthetic_001,geo_0_0_ling_20_vis_10,0.906,0.783,0.123,0.003075,0,0,0.2,10,7,1
synthetic_001,geo_0_0_ling_20_vis_25,0.906,0.6937,0.2123,0.003033,0,0,0.2,25,5,1
synthetic_001,geo_0_0_ling_20_vis_50,0.906,0.5447,0.3613,0.003011,0,0,0.2,50,4,1
synthetic_001,geo_0_0_ling_30_vis_0,0.906,0.8269,0.0791,0.002636,0,0,0.3,0,7,1
synthetic_001,geo_0_0_ling_30_vis_10,0.906,0.7357,0.1703,0.003406,0,0,0.3,10,4,1
synthetic_001,geo_0_0_ling_30_vis_25,0.906,0.6689,0.2371,0.002964,0,0,0.3,25,7,1
synthetic_001,geo_0_0_ling_30_vis_50,0.906,0.4528,0.4532,0.003486,0,0,0.3,50,4,1
synthetic_001,geo_10_5_ling_0_vis_0,0.906,0.7373,0.1687,0.003374,10,5,0.0,0,2,1
synthetic_001,geo_10_5_ling_0_vis_10,0.906,0.7661,0.1399,0.001998,10,5,0.0,10,3,1
synthetic_001,geo_10_5_ling_0_vis_25,0.906,0.6412,0.2648,0.002648,10,5,0.0,25,7,1
synthetic_001,geo_10_5_ling_0_vis_50,0.906,0.6441,0.2619,0.001746,10,5,0.0,50,7,1
synthetic_001,geo_10_5_ling_10_vis_0,0.906,0.79,0.1159,0.001932,10,5,0.1,0,3,1
synthetic_001,geo_10_5_ling_10_vis_10,0.906,0.688,0.218,0.002725,10,5,0.1,10,2,1
synthetic_001,geo_10_5_ling_10_vis_25,0.906,0.7019,0.2041,0.001855,10,5,0.1,25,3,1
synthetic_001,geo_10_5_ling_10_vis_50,0.906,0.3714,0.5346,0.003341,10,5,0.1,50,4,1
synthetic_001,geo_10_5_ling_20_vis_0,0.906,0.7798,0.1262,0.001803,10,5,0.2,0,2,1
synthetic_001,geo_10_5_ling_20_vis_10,0.906,0.654,0.2519,0.002799,10,5,0.2,10,5,1
synthetic_001,geo_10_5_ling_20_vis_25,0.906,0.5509,0.3551,0.002959,10,5,0.2,25,5,1
synthetic_001,geo_10_5_ling_20_vis_50,0.906,0.3365,0.5695,0.00335,10,5,0.2,50,5,1
synthetic_001,geo_10_5_ling_30_vis_0,0.906,0.6556,0.2504,0.00313,10,5,0.3,0,4,1
synthetic_001,geo_10_5_ling_30_vis_10,0.906,0.6764,0.2296,0.002296,10,5,0.3,10,7,1
synthetic_001,geo_10_5_ling_30_vis_25,0.906,0.6448,0.2612,0.002009,10,5,0.3,25,5,1
synthetic_001,geo_10_5_ling_30_vis_50,0.906,0.6204,0.2856,0.001587,10,5,0.3,50,7,1
synthetic_001,geo_20_10_ling_0_vis_0,0.906,0.6292,0.2767,0.002767,20,10,0.0,0,5,1
synthetic_001,geo_20_10_ling_0_vis_10,0.906,0.6844,0.2216,0.001846,20,10,0.0,10,6,1
synthetic_001,geo_20_10_ling_0_vis_25,0.906,0.5516,0.3544,0.002362,20,10,0.0,25,7,1
synthetic_001,geo_20_10_ling_0_vis_50,0.906,0.381,0.525,0.002625,20,10,0.0,50,5,1
synthetic_001,geo_20_10_ling_10_vis_0,0.906,0.7139,0.1921,0.001746,20,10,0.1,0,4,1
synthetic_001,geo_20_10_ling_10_vis_10,0.906,0.6066,0.2994,0.002303,20,10,0.1,10,3,1
synthetic_001,geo_20_10_ling_10_vis_25,0.906,0.6733,0.2327,0.001454,20,10,0.1,25,3,1
synthetic_001,geo_20_10_ling_10_vis_50,0.906,0.1734,0.7326,0.003489,20,10,0.1,50,3,1
synthetic_001,geo_20_10_ling_20_vis_0,0.906,0.6647,0.2412,0.00201,20,10,0.2,0,6,1
synthetic_001,geo_20_10_ling_20_vis_10,0.906,0.4778,0.4282,0.003058,20,10,0.2,10,6,1
synthetic_001,geo_20_10_ling_20_vis_25,0.906,0.4734,0.4326,0.002545,20,10,0.2,25,4,1
synthetic_001,geo_20_10_ling_20_vis_50,0.906,0.2522,0.6538,0.002972,20,10,0.2,50,2,1
synthetic_001,geo_20_10_ling_30_vis_0,0.906,0.6081,0.2979,0.002291,20,10,0.3,0,5,1
synthetic_001,geo_20_10_ling_30_vis_10,0.906,0.617,0.289,0.001926,20,10,0.3,10,7,1
synthetic_001,geo_20_10_ling_30_vis_25,0.906,0.4085,0.4974,0.002764,20,10,0.3,25,3,1
synthetic_001,geo_20_10_ling_30_vis_50,0.906,0.2626,0.6434,0.002797,20,10,0.3,50,3,1
synthetic_001,geo_30_15_ling_0_vis_0,0.906,0.492,0.414,0.00276,30,15,0.0,0,3,1
synthetic_001,geo_30_15_ling_0_vis_10,0.906,0.6337,0.2723,0.001602,30,15,0.0,10,4,1
synthetic_001,geo_30_15_ling_0_vis_25,0.906,0.2706,0.6354,0.003177,30,15,0.0,25,2,1
synthetic_001,geo_30_15_ling_0_vis_50,0.906,0.2657,0.6403,0.002561,30,15,0.0,50,4,1
synthetic_001,geo_30_15_ling_10_vis_0,0.906,0.3806,0.5253,0.003283,30,15,0.1,0,3,1
synthetic_001,geo_30_15_ling_10_vis_10,0.906,0.5526,0.3533,0.001963,30,15,0.1,10,6,1
synthetic_001,geo_30_15_ling_10_vis_25,0.906,0.5562,0.3498,0.001665,30,15,0.1,25,2,1
synthetic_001,geo_30_15_ling_10_vis_50,0.906,0.1875,0.7185,0.002764,30,15,0.1,50,6,1
synthetic_001,geo_30_15_ling_20_vis_0,0.906,0.3762,0.5298,0.003117,30,15,0.2,0,6,1
synthetic_001,geo_30_15_ling_20_vis_10,0.906,0.4957,0.4103,0.002159,30,15,0.2,10,4,1
synthetic_001,geo_30_15_ling_20_vis_25,0.906,0.1736,0.7323,0.003329,30,15,0.2,25,2,1
synthetic_001,geo_30_15_ling_20_vis_50,0.906,0.1925,0.7135,0.002643,30,15,0.2,50,6,1
synthetic_001,geo_30_15_ling_30_vis_0,0.906,0.4015,0.5045,0.002803,30,15,0.3,0,7,1
synthetic_001,geo_30_15_ling_30_vis_10,0.906,0.4056,0.5003,0.002502,30,15,0.3,10,5,1
synthetic_001,geo_30_15_ling_30_vis_25,0.906,0.3471,0.5588,0.00243,30,15,0.3,25,2,1
synthetic_001,geo_30_15_ling_30_vis_50,0.906,0.2582,0.6478,0.002314,30,15,0.3,50,2,1
synthetic_002,geo_0_0_ling_0_vis_0,0.8511,0.8374,0.0136,0.013639,0,0,0.0,0,2,1
synthetic_002,geo_0_0_ling_0_vis_10,0.8511,0.8251,0.0259,0.001297,0,0,0.0,10,6,1
synthetic_002,geo_0_0_ling_0_vis_25,0.8511,0.6909,0.1601,0.003202,0,0,0.0,25,7,1
synthetic_002,geo_0_0_ling_0_vis_50,0.8511,0.578,0.2731,0.002731,0,0,0.0,50,5,1
synthetic_002,geo_0_0_ling_10_vis_0,0.8511,0.8409,0.0101,0.00101,0,0,0.1,0,4,1
synthetic_002,geo_0_0_ling_10_vis_10,0.8511,0.7281,0.123,0.0041,0,0,0.1,10,5,1
synthetic_002,geo_0_0_ling_10_vis_25,0.8511,0.6649,0.1861,0.003102,0,0,0.1,25,2,1
synthetic_002,geo_0_0_ling_10_vis_50,0.8511,0.6477,0.2033,0.001848,0,0,0.1,50,6,1
synthetic_002,geo_0_0_ling_20_vis_0,0.8511,0.7998,0.0513,0.002565,0,0,0.2,0,6,1
synthetic_002,geo_0_0_ling_20_vis_10,0.8511,0.7456,0.1054,0.002635,0,0,0.2,10,6,1
synthetic_002,geo_0_0_ling_20_vis_25,0.8511,0.6846,0.1664,0.002377,0,0,0.2,25,6,1
synthetic_002,geo_0_0_ling_20_vis_50,0.8511,0.4427,0.4084,0.003403,0,0,0.2,50,7,1
synthetic_002,geo_0_0_ling_30_vis_0,0.8511,0.7734,0.0776,0.002588,0,0,0.3,0,6,1
synthetic_002,geo_0_0_ling_30_vis_10,0.8511,0.7481,0.103,0.002059,0,0,0.3,10,6,1
synthetic_002,geo_0_0_ling_30_vis_25,0.8511,0.6861,0.1649,0.002062,0,0,0.3,25,6,1
synthetic_002,geo_0_0_ling_30_vis_50,0.8511,0.562,0.289,0.002223,0,0,0.3,50,4,1
synthetic_002,geo_10_5_ling_0_vis_0,0.8511,0.7657,0.0854,0.001708,10,5,0.0,0,6,1
synthetic_002,geo_10_5_ling_0_vis_10,0.8511,0.782,0.0691,0.000987,10,5,0.0,10,5,1
synthetic_002,geo_10_5_ling_0_vis_25,0.8511,0.5697,0.2813,0.002813,10,5,0.0,25,2,1
synthetic_002,geo_10_5_ling_0_vis_50,0.8511,0.3874,0.4636,0.003091,10,5,0.0,50,4,1
synthetic_002,geo_10_5_ling_10_vis_0,0.8511,0.6932,0.1578,0.00263,10,5,0.1,0,2,1
synthetic_002,geo_10_5_ling_10_vis_10,0.8511,0.7098,0.1413,0.001766,10,5,0.1,10,2,1
synthetic_002,geo_10_5_ling_10_vis_25,0.8511,0.6355,0.2156,0.00196,10,5,0.1,25,4,1
synthetic_002,geo_10_5_ling_10_vis_50,0.8511,0.2973,0.5538,0.003461,10,5,0.1,50,5,1
synthetic_002,geo_10_5_ling_20_vis_0,0.8511,0.668,0.183,0.002615,10,5,0.2,0,2,1
synthetic_002,geo_10_5_ling_20_vis_10,0.8511,0.6671,0.184,0.002044,10,5,0.2,10,2,1
synthetic_002,geo_10_5_ling_20_vis_25,0.8511,0.503,0.3481,0.002901,10,5,0.2,25,2,1
synthetic_002,geo_10_5_ling_20_vis_50,0.8511,0.2812,0.5699,0.003352,10,5,0.2,50,3,1
synthetic_002,geo_10_5_ling_30_vis_0,0.8511,0.5812,0.2698,0.003373,10,5,0.3,0,5,1
synthetic_002,geo_10_5_ling_30_vis_10,0.8511,0.6144,0.2367,0.002367,10,5,0.3,10,3,1
synthetic_002,geo_10_5_ling_30_vis_25,0.8511,0.6496,0.2014,0.001549,10,5,0.3,25,3,1
synthetic_002,geo_10_5_ling_30_vis_50,0.8511,0.4958,0.3552,0.001973,10,5,0.3,50,6,1
synthetic_002,geo_20_10_ling_0_vis_0,0.8511,0.5444,0.3066,0.003066,20,10,0.0,0,5,1
synthetic_002,geo_20_10_ling_0_vis_10,0.8511,0.5191,0.3319,0.002766,20,10,0.0,10,6,1
synthetic_002,geo_20_10_ling_0_vis_25,0.8511,0.5524,0.2986,0.001991,20,10,0.0,25,2,1
synthetic_002,geo_20_10_ling_0_vis_50,0.8511,0.4184,0.4327,0.002163,20,10,0.0,50,7,1
synthetic_002,geo_20_10_ling_10_vis_0,0.8511,0.4719,0.3791,0.003447,20,10,0.1,0,2,1
synthetic_002,geo_20_10_ling_10_vis_10,0.8511,0.5675,0.2836,0.002181,20,10,0.1,10,3,1
synthetic_002,geo_20_10_ling_10_vis_25,0.8511,0.4915,0.3596,0.002247,20,10,0.1,25,4,1
synthetic_002,geo_20_10_ling_10_vis_50,0.8511,0.4551,0.396,0.001886,20,10,0.1,50,6,1
synthetic_002,geo_20_10_ling_20_vis_0,0.8511,0.6523,0.1987,0.001656,20,10,0.2,0,6,1
synthetic_002,geo_20_10_ling_20_vis_10,0.8511,0.3559,0.4951,0.003536,20,10,0.2,10,6,1
synthetic_002,geo_20_10_ling_20_vis_25,0.8511,0.3786,0.4724,0.002779,20,10,0.2,25,4,1
synthetic_002,geo_20_10_ling_20_vis_50,0.8511,0.396,0.4551,0.002069,20,10,0.2,50,7,1
synthetic_002,geo_20_10_ling_30_vis_0,0.8511,0.6197,0.2313,0.00178,20,10,0.3,0,5,1
synthetic_002,geo_20_10_ling_30_vis_10,0.8511,0.5762,0.2749,0.001832,20,10,0.3,10,2,1
synthetic_002,geo_20_10_ling_30_vis_25,0.8511,0.3086,0.5425,0.003014,20,10,0.3,25,7,1
synthetic_002,geo_20_10_ling_30_vis_50,0.8511,0.1593,0.6917,0.003008,20,10,0.3,50,4,1
synthetic_002,geo_30_15_ling_0_vis_0,0.8511,0.545,0.3061,0.00204,30,15,0.0,0,6,1
synthetic_002,geo_30_15_ling_0_vis_10,0.8511,0.3344,0.5167,0.003039,30,15,0.0,10,3,1
synthetic_002,geo_30_15_ling_0_vis_25,0.8511,0.2244,0.6267,0.003133,30,15,0.0,25,3,1
synthetic_002,geo_30_15_ling_0_vis_50,0.8511,0.2847,0.5663,0.002265,30,15,0.0,50,3,1
synthetic_002,geo_30_15_ling_10_vis_0,0.8511,0.4247,0.4264,0.002665,30,15,0.1,0,3,1
synthetic_002,geo_30_15_ling_10_vis_10,0.8511,0.4534,0.3977,0.002209,30,15,0.1,10,7,1
synthetic_002,geo_30_15_ling_10_vis_25,0.8511,0.3519,0.4991,0.002377,30,15,0.1,25,3,1
synthetic_002,geo_30_15_ling_10_vis_50,0.8511,0.0019,0.8491,0.003266,30,15,0.1,50,6,1
synthetic_002,geo_30_15_ling_20_vis_0,0.8511,0.301,0.55,0.003236,30,15,0.2,0,2,1
synthetic_002,geo_30_15_ling_20_vis_10,0.8511,0.4708,0.3803,0.002001,30,15,0.2,10,6,1
synthetic_002,geo_30_15_ling_20_vis_25,0.8511,0.1312,0.7199,0.003272,30,15,0.2,25,4,1
synthetic_002,geo_30_15_ling_20_vis_50,0.8511,0.1348,0.7162,0.002653,30,15,0.2,50,4,1
synthetic_002,geo_30_15_ling_30_vis_0,0.8511,0.5758,0.2753,0.001529,30,15,0.3,0,2,1
synthetic_002,geo_30_15_ling_30_vis_10,0.8511,0.1826,0.6685,0.003342,30,15,0.3,10,4,1
synthetic_002,geo_30_15_ling_30_vis_25,0.8511,0.2675,0.5835,0.002537,30,15,0.3,25,4,1
synthetic_002,geo_30_15_ling_30_vis_50,0.8511,0.4011,0.4499,0.001607,30,15,0.3,50,6,1
synthetic_003,geo_0_0_ling_0_vis_0,0.819,0.818,0.001,0.001017,0,0,0.0,0,6,1
synthetic_003,geo_0_0_ling_0_vis_10,0.819,0.7804,0.0387,0.001933,0,0,0.0,10,3,1
synthetic_003,geo_0_0_ling_0_vis_25,0.819,0.6621,0.1569,0.003139,0,0,0.0,25,4,1
synthetic_003,geo_0_0_ling_0_vis_50,0.819,0.6775,0.1415,0.001415,0,0,0.0,50,2,1
synthetic_003,geo_0_0_ling_10_vis_0,0.819,0.7919,0.0271,0.002707,0,0,0.1,0,4,1
synthetic_003,geo_0_0_ling_10_vis_10,0.819,0.6793,0.1397,0.004657,0,0,0.1,10,6,1
synthetic_003,geo_0_0_ling_10_vis_25,0.819,0.7251,0.0939,0.001565,0,0,0.1,25,7,1
synthetic_003,geo_0_0_ling_10_vis_50,0.819,0.6014,0.2177,0.001979,0,0,0.1,50,5,1
synthetic_003,geo_0_0_ling_20_vis_0,0.819,0.7414,0.0777,0.003883,0,0,0.2,0,7,1
synthetic_003,geo_0_0_ling_20_vis_10,0.819,0.7522,0.0668,0.001671,0,0,0.2,10,4,1
synthetic_003,geo_0_0_ling_20_vis_25,0.819,0.6136,0.2054,0.002935,0,0,0.2,25,5,1
synthetic_003,geo_0_0_ling_20_vis_50,0.819,0.5939,0.2251,0.001876,0,0,0.2,50,3,1
synthetic_003,geo_0_0_ling_30_vis_0,0.819,0.7702,0.0488,0.001627,0,0,0.3,0,6,1
synthetic_003,geo_0_0_ling_30_vis_10,0.819,0.7303,0.0887,0.001774,0,0,0.3,10,2,1
synthetic_003,geo_0_0_ling_30_vis_25,0.819,0.563,0.256,0.0032,0,0,0.3,25,2,1
synthetic_003,geo_0_0_ling_30_vis_50,0.819,0.41,0.409,0.003146,0,0,0.3,50,5,1
synthetic_003,geo_10_5_ling_0_vis_0,0.819,0.6698,0.1493,0.002985,10,5,0.0,0,3,1
synthetic_003,geo_10_5_ling_0_vis_10,0.819,0.728,0.091,0.0013,10,5,0.0,10,7,1
synthetic_003,geo_10_5_ling_0_vis_25,0.819,0.5605,0.2586,0.002586,10,5,0.0,25,4,1
synthetic_003,geo_10_5_ling_0_vis_50,0.819,0.4487,0.3703,0.002468,10,5,0.0,50,6,1
synthetic_003,geo_10_5_ling_10_vis_0,0.819,0.6669,0.1521,0.002535,10,5,0.1,0,4,1
synthetic_003,geo_10_5_ling_10_vis_10,0.819,0.503,0.316,0.00395,10,5,0.1,10,6,1
synthetic_003,geo_10_5_ling_10_vis_25,0.819,0.4527,0.3663,0.00333,10,5,0.1,25,7,1
synthetic_003,geo_10_5_ling_10_vis_50,0.819,0.5649,0.2541,0.001588,10,5,0.1,50,7,1
synthetic_003,geo_10_5_ling_20_vis_0,0.819,0.5977,0.2213,0.003161,10,5,0.2,0,4,1
synthetic_003,geo_10_5_ling_20_vis_10,0.819,0.5101,0.3089,0.003433,10,5,0.2,10,7,1
synthetic_003,geo_10_5_ling_20_vis_25,0.819,0.3691,0.4499,0.003749,10,5,0.2,25,7,1
synthetic_003,geo_10_5_ling_20_vis_50,0.819,0.2495,0.5695,0.00335,10,5,0.2,50,4,1
synthetic_003,geo_10_5_ling_30_vis_0,0.819,0.5889,0.2301,0.002876,10,5,0.3,0,7,1
synthetic_003,geo_10_5_ling_30_vis_10,0.819,0.4907,0.3284,0.003284,10,5,0.3,10,5,1
synthetic_003,geo_10_5_ling_30_vis_25,0.819,0.546,0.2731,0.0021,10,5,0.3,25,2,1
synthetic_003,geo_10_5_ling_30_vis_50,0.819,0.3282,0.4908,0.002727,10,5,0.3,50,7,1
synthetic_003,geo_20_10_ling_0_vis_0,0.819,0.5541,0.2649,0.002649,20,10,0.0,0,4,1
synthetic_003,geo_20_10_ling_0_vis_10,0.819,0.5207,0.2983,0.002486,20,10,0.0,10,7,1
synthetic_003,geo_20_10_ling_0_vis_25,0.819,0.5051,0.3139,0.002093,20,10,0.0,25,6,1
synthetic_003,geo_20_10_ling_0_vis_50,0.819,0.5027,0.3163,0.001581,20,10,0.0,50,2,1
synthetic_003,geo_20_10_ling_10_vis_0,0.819,0.5724,0.2466,0.002242,20,10,0.1,0,7,1
synthetic_003,geo_20_10_ling_10_vis_10,0.819,0.6122,0.2068,0.001591,20,10,0.1,10,6,1
synthetic_003,geo_20_10_ling_10_vis_25,0.819,0.3098,0.5092,0.003182,20,10,0.1,25,5,1
synthetic_003,geo_20_10_ling_10_vis_50,0.819,0.343,0.4761,0.002267,20,10,0.1,50,2,1
synthetic_003,geo_20_10_ling_20_vis_0,0.819,0.4378,0.3812,0.003177,20,10,0.2,0,4,1
synthetic_003,geo_20_10_ling_20_vis_10,0.819,0.3813,0.4378,0.003127,20,10,0.2,10,7,1
synthetic_003,geo_20_10_ling_20_vis_25,0.819,0.301,0.518,0.003047,20,10,0.2,25,4,1
synthetic_003,geo_20_10_ling_20_vis_50,0.819,0.1872,0.6319,0.002872,20,10,0.2,50,3,1
synthetic_003,geo_20_10_ling_30_vis_0,0.819,0.3716,0.4475,0.003442,20,10,0.3,0,3,1
synthetic_003,geo_20_10_ling_30_vis_10,0.819,0.3832,0.4358,0.002906,20,10,0.3,10,7,1
synthetic_003,geo_20_10_ling_30_vis_25,0.819,0.211,0.608,0.003378,20,10,0.3,25,2,1
synthetic_003,geo_20_10_ling_30_vis_50,0.819,0.323,0.496,0.002156,20,10,0.3,50,2,1
synthetic_003,geo_30_15_ling_0_vis_0,0.819,0.4915,0.3275,0.002183,30,15,0.0,0,4,1
synthetic_003,geo_30_15_ling_0_vis_10,0.819,0.3783,0.4407,0.002592,30,15,0.0,10,7,1
synthetic_003,geo_30_15_ling_0_vis_25,0.819,0.1727,0.6464,0.003232,30,15,0.0,25,5,1
synthetic_003,geo_30_15_ling_0_vis_50,0.819,0.0241,0.7949,0.00318,30,15,0.0,50,6,1
synthetic_003,geo_30_15_ling_10_vis_0,0.819,0.4109,0.4081,0.002551,30,15,0.1,0,6,1
synthetic_003,geo_30_15_ling_10_vis_10,0.819,0.4628,0.3563,0.001979,30,15,0.1,10,2,1
synthetic_003,geo_30_15_ling_10_vis_25,0.819,0.217,0.602,0.002867,30,15,0.1,25,5,1
synthetic_003,geo_30_15_ling_10_vis_50,0.819,0.1249,0.6941,0.00267,30,15,0.1,50,3,1
synthetic_003,geo_30_15_ling_20_vis_0,0.819,0.4042,0.4148,0.00244,30,15,0.2,0,6,1
synthetic_003,geo_30_15_ling_20_vis_10,0.819,0.4868,0.3323,0.001749,30,15,0.2,10,5,1
synthetic_003,geo_30_15_ling_20_vis_25,0.819,0.2868,0.5322,0.002419,30,15,0.2,25,6,1
synthetic_003,geo_30_15_ling_20_vis_50,0.819,0.1013,0.7177,0.002658,30,15,0.2,50,5,1
synthetic_003,geo_30_15_ling_30_vis_0,0.819,0.2716,0.5474,0.003041,30,15,0.3,0,4,1
synthetic_003,geo_30_15_ling_30_vis_10,0.819,0.2657,0.5533,0.002767,30,15,0.3,10,3,1
synthetic_003,geo_30_15_ling_30_vis_25,0.819,0.3794,0.4397,0.001912,30,15,0.3,25,3,1
synthetic_003,geo_30_15_ling_30_vis_50,0.819,0.2175,0.6016,0.002148,30,15,0.3,50,7,1
synthetic_004,geo_0_0_ling_0_vis_0,0.8302,0.8266,0.0036,0.003611,0,0,0.0,0,2,1
synthetic_004,geo_0_0_ling_0_vis_10,0.8302,0.7371,0.0931,0.004656,0,0,0.0,10,5,1
synthetic_004,geo_0_0_ling_0_vis_25,0.8302,0.6718,0.1584,0.003168,0,0,0.0,25,3,1
synthetic_004,geo_0_0_ling_0_vis_50,0.8302,0.6529,0.1772,0.001772,0,0,0.0,50,4,1
synthetic_004,geo_0_0_ling_10_vis_0,0.8302,0.8202,0.0099,0.000994,0,0,0.1,0,6,1
synthetic_004,geo_0_0_ling_10_vis_10,0.8302,0.7778,0.0524,0.001747,0,0,0.1,10,5,1
synthetic_004,geo_0_0_ling_10_vis_25,0.8302,0.6744,0.1557,0.002596,0,0,0.1,25,6,1
synthetic_004,geo_0_0_ling_10_vis_50,0.8302,0.5712,0.2589,0.002354,0,0,0.1,50,6,1
synthetic_004,geo_0_0_ling_20_vis_0,0.8302,0.807,0.0232,0.001158,0,0,0.2,0,2,1
synthetic_004,geo_0_0_ling_20_vis_10,0.8302,0.7342,0.096,0.0024,0,0,0.2,10,7,1
synthetic_004,geo_0_0_ling_20_vis_25,0.8302,0.6513,0.1789,0.002556,0,0,0.2,25,2,1
synthetic_004,geo_0_0_ling_20_vis_50,0.8302,0.5256,0.3045,0.002538,0,0,0.2,50,4,1
synthetic_004,geo_0_0_ling_30_vis_0,0.8302,0.7629,0.0672,0.002241,0,0,0.3,0,5,1
synthetic_004,geo_0_0_ling_30_vis_10,0.8302,0.7187,0.1114,0.002229,0,0,0.3,10,2,1
synthetic_004,geo_0_0_ling_30_vis_25,0.8302,0.6152,0.215,0.002687,0,0,0.3,25,5,1
synthetic_004,geo_0_0_ling_30_vis_50,0.8302,0.5573,0.2728,0.002099,0,0,0.3,50,2,1
synthetic_004,geo_10_5_ling_0_vis_0,0.8302,0.7533,0.0768,0.001536,10,5,0.0,0,6,1
synthetic_004,geo_10_5_ling_0_vis_10,0.8302,0.7026,0.1275,0.001822,10,5,0.0,10,2,1
synthetic_004,geo_10_5_ling_0_vis_25,0.8302,0.6454,0.1847,0.001847,10,5,0.0,25,4,1
synthetic_004,geo_10_5_ling_0_vis_50,0.8302,0.5386,0.2916,0.001944,10,5,0.0,50,7,1
synthetic_004,geo_10_5_ling_10_vis_0,0.8302,0.7179,0.1122,0.00187,10,5,0.1,0,4,1
synthetic_004,geo_10_5_ling_10_vis_10,0.8302,0.7105,0.1196,0.001496,10,5,0.1,10,7,1
synthetic_004,geo_10_5_ling_10_vis_25,0.8302,0.4595,0.3707,0.00337,10,5,0.1,25,2,1
synthetic_004,geo_10_5_ling_10_vis_50,0.8302,0.4229,0.4072,0.002545,10,5,0.1,50,7,1
synthetic_004,geo_10_5_ling_20_vis_0,0.8302,0.624,0.2062,0.002945,10,5,0.2,0,4,1
synthetic_004,geo_10_5_ling_20_vis_10,0.8302,0.6423,0.1879,0.002088,10,5,0.2,10,3,1
synthetic_004,geo_10_5_ling_20_vis_25,0.8302,0.4065,0.4237,0.003531,10,5,0.2,25,5,1
synthetic_004,geo_10_5_ling_20_vis_50,0.8302,0.2871,0.543,0.003194,10,5,0.2,50,6,1
synthetic_004,geo_10_5_ling_30_vis_0,0.8302,0.6773,0.1528,0.00191,10,5,0.3,0,4,1
synthetic_004,geo_10_5_ling_30_vis_10,0.8302,0.5722,0.2579,0.002579,10,5,0.3,10,7,1
synthetic_004,geo_10_5_ling_30_vis_25,0.8302,0.5277,0.3025,0.002327,10,5,0.3,25,5,1
synthetic_004,geo_10_5_ling_30_vis_50,0.8302,0.471,0.3592,0.001996,10,5,0.3,50,3,1
synthetic_004,geo_20_10_ling_0_vis_0,0.8302,0.5188,0.3113,0.003113,20,10,0.0,0,7,1
synthetic_004,geo_20_10_ling_0_vis_10,0.8302,0.4497,0.3805,0.003171,20,10,0.0,10,5,1
synthetic_004,geo_20_10_ling_0_vis_25,0.8302,0.3274,0.5028,0.003352,20,10,0.0,25,3,1
synthetic_004,geo_20_10_ling_0_vis_50,0.8302,0.5461,0.2841,0.00142,20,10,0.0,50,2,1
synthetic_004,geo_20_10_ling_10_vis_0,0.8302,0.6528,0.1773,0.001612,20,10,0.1,0,3,1
synthetic_004,geo_20_10_ling_10_vis_10,0.8302,0.3631,0.4671,0.003593,20,10,0.1,10,6,1
synthetic_004,geo_20_10_ling_10_vis_25,0.8302,0.4949,0.3353,0.002096,20,10,0.1,25,5,1
synthetic_004,geo_20_10_ling_10_vis_50,0.8302,0.1945,0.6357,0.003027,20,10,0.1,50,6,1
synthetic_004,geo_20_10_ling_20_vis_0,0.8302,0.5936,0.2366,0.001972,20,10,0.2,0,5,1
synthetic_004,geo_20_10_ling_20_vis_10,0.8302,0.5248,0.3054,0.002181,20,10,0.2,10,3,1
synthetic_004,geo_20_10_ling_20_vis_25,0.8302,0.2961,0.5341,0.003142,20,10,0.2,25,2,1
synthetic_004,geo_20_10_ling_20_vis_50,0.8302,0.2875,0.5427,0.002467,20,10,0.2,50,2,1
synthetic_004,geo_20_10_ling_30_vis_0,0.8302,0.5222,0.308,0.002369,20,10,0.3,0,2,1
synthetic_004,geo_20_10_ling_30_vis_10,0.8302,0.5499,0.2803,0.001868,20,10,0.3,10,4,1
synthetic_004,geo_20_10_ling_30_vis_25,0.8302,0.3863,0.4439,0.002466,20,10,0.3,25,7,1
synthetic_004,geo_20_10_ling_30_vis_50,0.8302,0.0416,0.7886,0.003429,20,10,0.3,50,6,1
synthetic_004,geo_30_15_ling_0_vis_0,0.8302,0.3758,0.4543,0.003029,30,15,0.0,0,6,1
synthetic_004,geo_30_15_ling_0_vis_10,0.8302,0.3538,0.4764,0.002802,30,15,0.0,10,3,1
synthetic_004,geo_30_15_ling_0_vis_25,0.8302,0.2601,0.5701,0.002851,30,15,0.0,25,4,1
synthetic_004,geo_30_15_ling_0_vis_50,0.8302,0.1747,0.6555,0.002622,30,15,0.0,50,5,1
synthetic_004,geo_30_15_ling_10_vis_0,0.8302,0.3324,0.4978,0.003111,30,15,0.1,0,2,1
synthetic_004,geo_30_15_ling_10_vis_10,0.8302,0.4137,0.4164,0.002314,30,15,0.1,10,5,1
synthetic_004,geo_30_15_ling_10_vis_25,0.8302,0.2285,0.6017,0.002865,30,15,0.1,25,7,1
synthetic_004,geo_30_15_ling_10_vis_50,0.8302,0.0762,0.754,0.0029,30,15,0.1,50,4,1
synthetic_004,geo_30_15_ling_20_vis_0,0.8302,0.549,0.2812,0.001654,30,15,0.2,0,5,1
synthetic_004,geo_30_15_ling_20_vis_10,0.8302,0.2478,0.5824,0.003065,30,15,0.2,10,4,1
synthetic_004,geo_30_15_ling_20_vis_25,0.8302,0.0721,0.7581,0.003446,30,15,0.2,25,7,1
synthetic_004,geo_30_15_ling_20_vis_50,0.8302,0.0319,0.7982,0.002956,30,15,0.2,50,2,1
synthetic_004,geo_30_15_ling_30_vis_0,0.8302,0.4876,0.3425,0.001903,30,15,0.3,0,5,1
synthetic_004,geo_30_15_ling_30_vis_10,0.8302,0.5067,0.3235,0.001617,30,15,0.3,10,7,1
synthetic_004,geo_30_15_ling_30_vis_25,0.8302,0.0383,0.7919,0.003443,30,15,0.3,25,3,1
synthetic_004,geo_30_15_ling_30_vis_50,0.8302,0.3715,0.4587,0.001638,30,15,0.3,50,2,1
synthetic_005,geo_0_0_ling_0_vis_0,0.8203,0.8049,0.0154,0.01536,0,0,0.0,0,2,1
synthetic_005,geo_0_0_ling_0_vis_10,0.8203,0.7484,0.0719,0.003594,0,0,0.0,10,4,1
synthetic_005,geo_0_0_ling_0_vis_25,0.8203,0.7178,0.1025,0.00205,0,0,0.0,25,2,1
synthetic_005,geo_0_0_ling_0_vis_50,0.8203,0.6548,0.1655,0.001655,0,0,0.0,50,3,1
synthetic_005,geo_0_0_ling_10_vis_0,0.8203,0.8089,0.0114,0.001144,0,0,0.1,0,4,1
synthetic_005,geo_0_0_ling_10_vis_10,0.8203,0.7305,0.0898,0.002994,0,0,0.1,10,6,1
synthetic_005,geo_0_0_ling_10_vis_25,0.8203,0.6225,0.1978,0.003297,0,0,0.1,25,2,1
synthetic_005,geo_0_0_ling_10_vis_50,0.8203,0.4292,0.3911,0.003555,0,0,0.1,50,5,1
synthetic_005,geo_0_0_ling_20_vis_0,0.8203,0.7651,0.0552,0.002761,0,0,0.2,0,7,1
synthetic_005,geo_0_0_ling_20_vis_10,0.8203,0.748,0.0723,0.001808,0,0,0.2,10,2,1
synthetic_005,geo_0_0_ling_20_vis_25,0.8203,0.6923,0.128,0.001829,0,0,0.2,25,6,1
synthetic_005,geo_0_0_ling_20_vis_50,0.8203,0.5458,0.2745,0.002288,0,0,0.2,50,7,1
synthetic_005,geo_0_0_ling_30_vis_0,0.8203,0.7449,0.0754,0.002514,0,0,0.3,0,2,1
synthetic_005,geo_0_0_ling_30_vis_10,0.8203,0.7345,0.0858,0.001715,0,0,0.3,10,4,1
synthetic_005,geo_0_0_ling_30_vis_25,0.8203,0.5902,0.2301,0.002876,0,0,0.3,25,4,1
synthetic_005,geo_0_0_ling_30_vis_50,0.8203,0.5379,0.2824,0.002172,0,0,0.3,50,5,1
synthetic_005,geo_10_5_ling_0_vis_0,0.8203,0.6846,0.1358,0.002715,10,5,0.0,0,7,1
synthetic_005,geo_10_5_ling_0_vis_10,0.8203,0.6429,0.1774,0.002534,10,5,0.0,10,3,1
synthetic_005,geo_10_5_ling_0_vis_25,0.8203,0.5461,0.2742,0.002742,10,5,0.0,25,3,1
synthetic_005,geo_10_5_ling_0_vis_50,0.8203,0.5919,0.2284,0.001523,10,5,0.0,50,3,1
synthetic_005,geo_10_5_ling_10_vis_0,0.8203,0.5986,0.2217,0.003694,10,5,0.1,0,4,1
synthetic_005,geo_10_5_ling_10_vis_10,0.8203,0.5441,0.2762,0.003453,10,5,0.1,10,5,1
synthetic_005,geo_10_5_ling_10_vis_25,0.8203,0.5918,0.2285,0.002078,10,5,0.1,25,5,1
synthetic_005,geo_10_5_ling_10_vis_50,0.8203,0.2784,0.5419,0.003387,10,5,0.1,50,3,1
synthetic_005,geo_10_5_ling_20_vis_0,0.8203,0.6967,0.1236,0.001765,10,5,0.2,0,2,1
synthetic_005,geo_10_5_ling_20_vis_10,0.8203,0.684,0.1363,0.001514,10,5,0.2,10,4,1
synthetic_005,geo_10_5_ling_20_vis_25,0.8203,0.5124,0.3079,0.002566,10,5,0.2,25,3,1
synthetic_005,geo_10_5_ling_20_vis_50,0.8203,0.4949,0.3254,0.001914,10,5,0.2,50,2,1
synthetic_005,geo_10_5_ling_30_vis_0,0.8203,0.6608,0.1595,0.001993,10,5,0.3,0,5,1
synthetic_005,geo_10_5_ling_30_vis_10,0.8203,0.6443,0.176,0.00176,10,5,0.3,10,3,1
synthetic_005,geo_10_5_ling_30_vis_25,0.8203,0.4066,0.4137,0.003183,10,5,0.3,25,7,1
synthetic_005,geo_10_5_ling_30_vis_50,0.8203,0.3647,0.4556,0.002531,10,5,0.3,50,7,1
synthetic_005,geo_20_10_ling_0_vis_0,0.8203,0.5243,0.296,0.00296,20,10,0.0,0,6,1
synthetic_005,geo_20_10_ling_0_vis_10,0.8203,0.579,0.2413,0.002011,20,10,0.0,10,4,1
synthetic_005,geo_20_10_ling_0_vis_25,0.8203,0.5548,0.2655,0.00177,20,10,0.0,25,4,1
synthetic_005,geo_20_10_ling_0_vis_50,0.8203,0.2009,0.6194,0.003097,20,10,0.0,50,6,1
synthetic_005,geo_20_10_ling_10_vis_0,0.8203,0.6501,0.1703,0.001548,20,10,0.1,0,3,1
synthetic_005,geo_20_10_ling_10_vis_10,0.8203,0.5211,0.2992,0.002302,20,10,0.1,10,2,1
synthetic_005,geo_20_10_ling_10_vis_25,0.8203,0.5421,0.2782,0.001739,20,10,0.1,25,6,1
synthetic_005,geo_20_10_ling_10_vis_50,0.8203,0.2671,0.5532,0.002634,20,10,0.1,50,2,1
synthetic_005,geo_20_10_ling_20_vis_0,0.8203,0.4282,0.3921,0.003268,20,10,0.2,0,4,1
synthetic_005,geo_20_10_ling_20_vis_10,0.8203,0.5114,0.3089,0.002207,20,10,0.2,10,6,1
synthetic_005,geo_20_10_ling_20_vis_25,0.8203,0.2523,0.568,0.003341,20,10,0.2,25,6,1
synthetic_005,geo_20_10_ling_20_vis_50,0.8203,0.1451,0.6752,0.003069,20,10,0.2,50,3,1
synthetic_005,geo_20_10_ling_30_vis_0,0.8203,0.5467,0.2736,0.002105,20,10,0.3,0,6,1
synthetic_005,geo_20_10_ling_30_vis_10,0.8203,0.5953,0.225,0.0015,20,10,0.3,10,3,1
synthetic_005,geo_20_10_ling_30_vis_25,0.8203,0.5072,0.3131,0.001739,20,10,0.3,25,6,1
synthetic_005,geo_20_10_ling_30_vis_50,0.8203,0.0404,0.7799,0.003391,20,10,0.3,50,3,1
synthetic_005,geo_30_15_ling_0_vis_0,0.8203,0.3962,0.4241,0.002827,30,15,0.0,0,3,1
synthetic_005,geo_30_15_ling_0_vis_10,0.8203,0.3817,0.4386,0.00258,30,15,0.0,10,3,1
synthetic_005,geo_30_15_ling_0_vis_25,0.8203,0.2946,0.5257,0.002628,30,15,0.0,25,4,1
synthetic_005,geo_30_15_ling_0_vis_50,0.8203,0.0,0.8218,0.003287,30,15,0.0,50,5,1
synthetic_005,geo_30_15_ling_10_vis_0,0.8203,0.3,0.5203,0.003252,30,15,0.1,0,4,1
synthetic_005,geo_30_15_ling_10_vis_10,0.8203,0.4501,0.3702,0.002057,30,15,0.1,10,6,1
synthetic_005,geo_30_15_ling_10_vis_25,0.8203,0.192,0.6283,0.002992,30,15,0.1,25,6,1
synthetic_005,geo_30_15_ling_10_vis_50,0.8203,0.0,0.861,0.003312,30,15,0.1,50,3,1
synthetic_005,geo_30_15_ling_20_vis_0,0.8203,0.4179,0.4024,0.002367,30,15,0.2,0,3,1
synthetic_005,geo_30_15_ling_20_vis_10,0.8203,0.2117,0.6086,0.003203,30,15,0.2,10,7,1
synthetic_005,geo_30_15_ling_20_vis_25,0.8203,0.173,0.6473,0.002942,30,15,0.2,25,6,1
synthetic_005,geo_30_15_ling_20_vis_50,0.8203,0.0945,0.7258,0.002688,30,15,0.2,50,2,1
synthetic_005,geo_30_15_ling_30_vis_0,0.8203,0.3544,0.4659,0.002588,30,15,0.3,0,6,1
synthetic_005,geo_30_15_ling_30_vis_10,0.8203,0.226,0.5943,0.002971,30,15,0.3,10,7,1
synthetic_005,geo_30_15_ling_30_vis_25,0.8203,0.3459,0.4744,0.002063,30,15,0.3,25,3,1
synthetic_005,geo_30_15_ling_30_vis_50,0.8203,0.2155,0.6049,0.00216,30,15,0.3,50,5,1
synthetic_006,geo_0_0_ling_0_vis_0,0.7859,0.7859,0.0,0.0,0,0,0.0,0,5,1
synthetic_006,geo_0_0_ling_0_vis_10,0.7859,0.7434,0.0425,0.002127,0,0,0.0,10,4,1
synthetic_006,geo_0_0_ling_0_vis_25,0.7859,0.6792,0.1067,0.002134,0,0,0.0,25,7,1
synthetic_006,geo_0_0_ling_0_vis_50,0.7859,0.5472,0.2387,0.002387,0,0,0.0,50,3,1
synthetic_006,geo_0_0_ling_10_vis_0,0.7859,0.7811,0.0048,0.000476,0,0,0.1,0,4,1
synthetic_006,geo_0_0_ling_10_vis_10,0.7859,0.6949,0.091,0.003034,0,0,0.1,10,6,1
synthetic_006,geo_0_0_ling_10_vis_25,0.7859,0.6271,0.1588,0.002646,0,0,0.1,25,4,1
synthetic_006,geo_0_0_ling_10_vis_50,0.7859,0.4797,0.3062,0.002784,0,0,0.1,50,3,1
synthetic_006,geo_0_0_ling_20_vis_0,0.7859,0.736,0.0499,0.002496,0,0,0.2,0,4,1
synthetic_006,geo_0_0_ling_20_vis_10,0.7859,0.6907,0.0952,0.002379,0,0,0.2,10,6,1
synthetic_006,geo_0_0_ling_20_vis_25,0.7859,0.5613,0.2246,0.003208,0,0,0.2,25,4,1
synthetic_006,geo_0_0_ling_20_vis_50,0.7859,0.3714,0.4145,0.003455,0,0,0.2,50,7,1
synthetic_006,geo_0_0_ling_30_vis_0,0.7859,0.7188,0.0671,0.002236,0,0,0.3,0,6,1
synthetic_006,geo_0_0_ling_30_vis_10,0.7859,0.649,0.1369,0.002737,0,0,0.3,10,7,1
synthetic_006,geo_0_0_ling_30_vis_25,0.7859,0.5812,0.2047,0.002558,0,0,0.3,25,3,1
synthetic_006,geo_0_0_ling_30_vis_50,0.7859,0.3698,0.4161,0.003201,0,0,0.3,50,3,1
synthetic_006,geo_10_5_ling_0_vis_0,0.7859,0.6881,0.0978,0.001956,10,5,0.0,0,5,1
synthetic_006,geo_10_5_ling_0_vis_10,0.7859,0.6067,0.1792,0.00256,10,5,0.0,10,5,1
synthetic_006,geo_10_5_ling_0_vis_25,0.7859,0.5344,0.2515,0.002515,10,5,0.0,25,4,1
synthetic_006,geo_10_5_ling_0_vis_50,0.7859,0.2983,0.4876,0.00325,10,5,0.0,50,5,1
synthetic_006,geo_10_5_ling_10_vis_0,0.7859,0.7068,0.0791,0.001319,10,5,0.1,0,5,1
synthetic_006,geo_10_5_ling_10_vis_10,0.7859,0.4924,0.2935,0.003669,10,5,0.1,10,5,1
synthetic_006,geo_10_5_ling_10_vis_25,0.7859,0.4663,0.3196,0.002906,10,5,0.1,25,2,1
synthetic_006,geo_10_5_ling_10_vis_50,0.7859,0.3526,0.4333,0.002708,10,5,0.1,50,5,1
synthetic_006,geo_10_5_ling_20_vis_0,0.7859,0.6215,0.1644,0.002349,10,5,0.2,0,7,1
synthetic_006,geo_10_5_ling_20_vis_10,0.7859,0.5748,0.2111,0.002346,10,5,0.2,10,6,1
synthetic_006,geo_10_5_ling_20_vis_25,0.7859,0.4583,0.3276,0.00273,10,5,0.2,25,2,1
synthetic_006,geo_10_5_ling_20_vis_50,0.7859,0.5278,0.2581,0.001518,10,5,0.2,50,3,1
synthetic_006,geo_10_5_ling_30_vis_0,0.7859,0.5505,0.2354,0.002943,10,5,0.3,0,7,1
synthetic_006,geo_10_5_ling_30_vis_10,0.7859,0.579,0.2069,0.002069,10,5,0.3,10,6,1
synthetic_006,geo_10_5_ling_30_vis_25,0.7859,0.3753,0.4106,0.003159,10,5,0.3,25,2,1
synthetic_006,geo_10_5_ling_30_vis_50,0.7859,0.4118,0.3741,0.002078,10,5,0.3,50,2,1
synthetic_006,geo_20_10_ling_0_vis_0,0.7859,0.522,0.2639,0.002639,20,10,0.0,0,5,1
synthetic_006,geo_20_10_ling_0_vis_10,0.7859,0.445,0.3409,0.002841,20,10,0.0,10,3,1
synthetic_006,geo_20_10_ling_0_vis_25,0.7859,0.3077,0.4782,0.003188,20,10,0.0,25,7,1
synthetic_006,geo_20_10_ling_0_vis_50,0.7859,0.4708,0.3151,0.001576,20,10,0.0,50,5,1
synthetic_006,geo_20_10_ling_10_vis_0,0.7859,0.5295,0.2564,0.002331,20,10,0.1,0,3,1
synthetic_006,geo_20_10_ling_10_vis_10,0.7859,0.5998,0.1861,0.001432,20,10,0.1,10,5,1
synthetic_006,geo_20_10_ling_10_vis_25,0.7859,0.4845,0.3014,0.001884,20,10,0.1,25,7,1
synthetic_006,geo_20_10_ling_10_vis_50,0.7859,0.2026,0.5833,0.002778,20,10,0.1,50,2,1
synthetic_006,geo_20_10_ling_20_vis_0,0.7859,0.5572,0.2287,0.001906,20,10,0.2,0,3,1
synthetic_006,geo_20_10_ling_20_vis_10,0.7859,0.3937,0.3922,0.002802,20,10,0.2,10,5,1
synthetic_006,geo_20_10_ling_20_vis_25,0.7859,0.4132,0.3727,0.002192,20,10,0.2,25,3,1
synthetic_006,geo_20_10_ling_20_vis_50,0.7859,0.092,0.6939,0.003154,20,10,0.2,50,4,1
synthetic_006,geo_20_10_ling_30_vis_0,0.7859,0.5847,0.2012,0.001547,20,10,0.3,0,3,1
synthetic_006,geo_20_10_ling_30_vis_10,0.7859,0.5671,0.2188,0.001459,20,10,0.3,10,5,1
synthetic_006,geo_20_10_ling_30_vis_25,0.7859,0.4649,0.321,0.001783,20,10,0.3,25,7,1
synthetic_006,geo_20_10_ling_30_vis_50,0.7859,0.2774,0.5085,0.002211,20,10,0.3,50,6,1
synthetic_006,geo_30_15_ling_0_vis_0,0.7859,0.3245,0.4614,0.003076,30,15,0.0,0,3,1
synthetic_006,geo_30_15_ling_0_vis_10,0.7859,0.481,0.3049,0.001794,30,15,0.0,10,4,1
synthetic_006,geo_30_15_ling_0_vis_25,0.7859,0.4171,0.3688,0.001844,30,15,0.0,25,4,1
synthetic_006,geo_30_15_ling_0_vis_50,0.7859,0.2893,0.4966,0.001986,30,15,0.0,50,7,1
synthetic_006,geo_30_15_ling_10_vis_0,0.7859,0.5412,0.2447,0.001529,30,15,0.1,0,7,1
synthetic_006,geo_30_15_ling_10_vis_10,0.7859,0.2034,0.5825,0.003236,30,15,0.1,10,3,1
synthetic_006,geo_30_15_ling_10_vis_25,0.7859,0.1962,0.5897,0.002808,30,15,0.1,25,5,1
synthetic_006,geo_30_15_ling_10_vis_50,0.7859,0.0147,0.7712,0.002966,30,15,0.1,50,5,1
synthetic_006,geo_30_15_ling_20_vis_0,0.7859,0.5128,0.2731,0.001607,30,15,0.2,0,5,1
synthetic_006,geo_30_15_ling_20_vis_10,0.7859,0.4688,0.3171,0.001669,30,15,0.2,10,3,1
synthetic_006,geo_30_15_ling_20_vis_25,0.7859,0.2744,0.5115,0.002325,30,15,0.2,25,4,1
synthetic_006,geo_30_15_ling_20_vis_50,0.7859,0.2391,0.5468,0.002025,30,15,0.2,50,6,1
synthetic_006,geo_30_15_ling_30_vis_0,0.7859,0.4105,0.3754,0.002085,30,15,0.3,0,2,1
synthetic_006,geo_30_15_ling_30_vis_10,0.7859,0.4057,0.3802,0.001901,30,15,0.3,10,5,1
synthetic_006,geo_30_15_ling_30_vis_25,0.7859,0.0338,0.7521,0.00327,30,15,0.3,25,7,1
synthetic_006,geo_30_15_ling_30_vis_50,0.7859,0.0923,0.6936,0.002477,30,15,0.3,50,6,1
synthetic_007,geo_0_0_ling_0_vis_0,0.9209,0.91,0.0109,0.010872,0,0,0.0,0,7,1
synthetic_007,geo_0_0_ling_0_vis_10,0.9209,0.8777,0.0432,0.002159,0,0,0.0,10,2,1
synthetic_007,geo_0_0_ling_0_vis_25,0.9209,0.7743,0.1466,0.002933,0,0,0.0,25,2,1
synthetic_007,geo_0_0_ling_0_vis_50,0.9209,0.5913,0.3296,0.003296,0,0,0.0,50,3,1
synthetic_007,geo_0_0_ling_10_vis_0,0.9209,0.8884,0.0325,0.00325,0,0,0.1,0,5,1
synthetic_007,geo_0_0_ling_10_vis_10,0.9209,0.8699,0.051,0.001699,0,0,0.1,10,6,1
synthetic_007,geo_0_0_ling_10_vis_25,0.9209,0.7938,0.1271,0.002118,0,0,0.1,25,7,1
synthetic_007,geo_0_0_ling_10_vis_50,0.9209,0.7245,0.1964,0.001785,0,0,0.1,50,3,1
synthetic_007,geo_0_0_ling_20_vis_0,0.9209,0.8907,0.0302,0.001511,0,0,0.2,0,6,1
synthetic_007,geo_0_0_ling_20_vis_10,0.9209,0.8325,0.0884,0.002209,0,0,0.2,10,4,1
synthetic_007,geo_0_0_ling_20_vis_25,0.9209,0.6979,0.223,0.003185,0,0,0.2,25,5,1
synthetic_007,geo_0_0_ling_20_vis_50,0.9209,0.7582,0.1627,0.001356,0,0,0.2,50,6,1
synthetic_007,geo_0_0_ling_30_vis_0,0.9209,0.8246,0.0963,0.00321,0,0,0.3,0,5,1
synthetic_007,geo_0_0_ling_30_vis_10,0.9209,0.7977,0.1232,0.002464,0,0,0.3,10,7,1
synthetic_007,geo_0_0_ling_30_vis_25,0.9209,0.7745,0.1464,0.00183,0,0,0.3,25,3,1
synthetic_007,geo_0_0_ling_30_vis_50,0.9209,0.7049,0.216,0.001661,0,0,0.3,50,6,1
synthetic_007,geo_10_5_ling_0_vis_0,0.9209,0.7376,0.1833,0.003666,10,5,0.0,0,6,1
synthetic_007,geo_10_5_ling_0_vis_10,0.9209,0.803,0.1178,0.001684,10,5,0.0,10,4,1
synthetic_007,geo_10_5_ling_0_vis_25,0.9209,0.7598,0.1611,0.001611,10,5,0.0,25,2,1
synthetic_007,geo_10_5_ling_0_vis_50,0.9209,0.5128,0.4081,0.002721,10,5,0.0,50,4,1
synthetic_007,geo_10_5_ling_10_vis_0,0.9209,0.7896,0.1312,0.002187,10,5,0.1,0,7,1
synthetic_007,geo_10_5_ling_10_vis_10,0.9209,0.7435,0.1773,0.002217,10,5,0.1,10,3,1
synthetic_007,geo_10_5_ling_10_vis_25,0.9209,0.7059,0.2149,0.001954,10,5,0.1,25,7,1
synthetic_007,geo_10_5_ling_10_vis_50,0.9209,0.4161,0.5048,0.003155,10,5,0.1,50,7,1
synthetic_007,geo_10_5_ling_20_vis_0,0.9209,0.7822,0.1387,0.001981,10,5,0.2,0,3,1
synthetic_007,geo_10_5_ling_20_vis_10,0.9209,0.6752,0.2457,0.00273,10,5,0.2,10,2,1
synthetic_007,geo_10_5_ling_20_vis_25,0.9209,0.7296,0.1912,0.001594,10,5,0.2,25,2,1
synthetic_007,geo_10_5_ling_20_vis_50,0.9209,0.4527,0.4682,0.002754,10,5,0.2,50,7,1
synthetic_007,geo_10_5_ling_30_vis_0,0.9209,0.7533,0.1676,0.002095,10,5,0.3,0,5,1
synthetic_007,geo_10_5_ling_30_vis_10,0.9209,0.7331,0.1878,0.001878,10,5,0.3,10,7,1
synthetic_007,geo_10_5_ling_30_vis_25,0.9209,0.6499,0.271,0.002085,10,5,0.3,25,2,1
synthetic_007,geo_10_5_ling_30_vis_50,0.9209,0.6075,0.3134,0.001741,10,5,0.3,50,3,1
synthetic_007,geo_20_10_ling_0_vis_0,0.9209,0.6663,0.2546,0.002546,20,10,0.0,0,7,1
synthetic_007,geo_20_10_ling_0_vis_10,0.9209,0.5491,0.3718,0.003098,20,10,0.0,10,6,1
synthetic_007,geo_20_10_ling_0_vis_25,0.9209,0.4307,0.4901,0.003268,20,10,0.0,25,7,1
synthetic_007,geo_20_10_ling_0_vis_50,0.9209,0.4083,0.5126,0.002563,20,10,0.0,50,2,1
synthetic_007,geo_20_10_ling_10_vis_0,0.9209,0.6569,0.264,0.0024,20,10,0.1,0,6,1
synthetic_007,geo_20_10_ling_10_vis_10,0.9209,0.5952,0.3256,0.002505,20,10,0.1,10,6,1
synthetic_007,geo_20_10_ling_10_vis_25,0.9209,0.5501,0.3708,0.002318,20,10,0.1,25,5,1
synthetic_007,geo_20_10_ling_10_vis_50,0.9209,0.6262,0.2947,0.001403,20,10,0.1,50,4,1
synthetic_007,geo_20_10_ling_20_vis_0,0.9209,0.5743,0.3466,0.002889,20,10,0.2,0,7,1
synthetic_007,geo_20_10_ling_20_vis_10,0.9209,0.5401,0.3808,0.00272,20,10,0.2,10,6,1
synthetic_007,geo_20_10_ling_20_vis_25,0.9209,0.4223,0.4985,0.002933,20,10,0.2,25,6,1
synthetic_007,geo_20_10_ling_20_vis_50,0.9209,0.187,0.7339,0.003336,20,10,0.2,50,2,1
synthetic_007,geo_20_10_ling_30_vis_0,0.9209,0.5981,0.3228,0.002483,20,10,0.3,0,5,1
synthetic_007,geo_20_10_ling_30_vis_10,0.9209,0.5893,0.3315,0.00221,20,10,0.3,10,4,1
synthetic_007,geo_20_10_ling_30_vis_25,0.9209,0.3636,0.5573,0.003096,20,10,0.3,25,4,1
synthetic_007,geo_20_10_ling_30_vis_50,0.9209,0.319,0.6018,0.002617,20,10,0.3,50,6,1
synthetic_007,geo_30_15_ling_0_vis_0,0.9209,0.6422,0.2787,0.001858,30,15,0.0,0,4,1
synthetic_007,geo_30_15_ling_0_vis_10,0.9209,0.5288,0.3921,0.002306,30,15,0.0,10,5,1
synthetic_007,geo_30_15_ling_0_vis_25,0.9209,0.2622,0.6587,0.003293,30,15,0.0,25,6,1
synthetic_007,geo_30_15_ling_0_vis_50,0.9209,0.2428,0.6781,0.002712,30,15,0.0,50,6,1
synthetic_007,geo_30_15_ling_10_vis_0,0.9209,0.5703,0.3506,0.002191,30,15,0.1,0,4,1
synthetic_007,geo_30_15_ling_10_vis_10,0.9209,0.4541,0.4668,0.002593,30,15,0.1,10,3,1
synthetic_007,geo_30_15_ling_10_vis_25,0.9209,0.3693,0.5515,0.002626,30,15,0.1,25,5,1
synthetic_007,geo_30_15_ling_10_vis_50,0.9209,0.084,0.8369,0.003219,30,15,0.1,50,7,1
synthetic_007,geo_30_15_ling_20_vis_0,0.9209,0.6237,0.2972,0.001748,30,15,0.2,0,6,1
synthetic_007,geo_30_15_ling_20_vis_10,0.9209,0.5547,0.3662,0.001927,30,15,0.2,10,2,1
synthetic_007,geo_30_15_ling_20_vis_25,0.9209,0.3133,0.6076,0.002762,30,15,0.2,25,2,1
synthetic_007,geo_30_15_ling_20_vis_50,0.9209,0.3157,0.6052,0.002241,30,15,0.2,50,6,1
synthetic_007,geo_30_15_ling_30_vis_0,0.9209,0.4205,0.5004,0.00278,30,15,0.3,0,7,1
synthetic_007,geo_30_15_ling_30_vis_10,0.9209,0.4039,0.5169,0.002585,30,15,0.3,10,5,1
synthetic_007,geo_30_15_ling_30_vis_25,0.9209,0.461,0.4599,0.002,30,15,0.3,25,3,1
synthetic_007,geo_30_15_ling_30_vis_50,0.9209,0.3248,0.5961,0.002129,30,15,0.3,50,3,1
synthetic_008,geo_0_0_ling_0_vis_0,0.93,0.9151,0.0149,0.014943,0,0,0.0,0,3,1
synthetic_008,geo_0_0_ling_0_vis_10,0.93,0.8847,0.0453,0.002263,0,0,0.0,10,5,1
synthetic_008,geo_0_0_ling_0_vis_25,0.93,0.8261,0.1039,0.002078,0,0,0.0,25,5,1
synthetic_008,geo_0_0_ling_0_vis_50,0.93,0.7445,0.1855,0.001855,0,0,0.0,50,3,1
synthetic_008,geo_0_0_ling_10_vis_0,0.93,0.9019,0.0281,0.002812,0,0,0.1,0,2,1
synthetic_008,geo_0_0_ling_10_vis_10,0.93,0.8792,0.0508,0.001693,0,0,0.1,10,2,1
synthetic_008,geo_0_0_ling_10_vis_25,0.93,0.8399,0.0901,0.001502,0,0,0.1,25,4,1
synthetic_008,geo_0_0_ling_10_vis_50,0.93,0.7288,0.2012,0.001829,0,0,0.1,50,7,1
synthetic_008,geo_0_0_ling_20_vis_0,0.93,0.8614,0.0686,0.003431,0,0,0.2,0,3,1
synthetic_008,geo_0_0_ling_20_vis_10,0.93,0.8686,0.0614,0.001534,0,0,0.2,10,7,1
synthetic_008,geo_0_0_ling_20_vis_25,0.93,0.7417,0.1883,0.002689,0,0,0.2,25,5,1
synthetic_008,geo_0_0_ling_20_vis_50,0.93,0.5866,0.3434,0.002862,0,0,0.2,50,3,1
synthetic_008,geo_0_0_ling_30_vis_0,0.93,0.8456,0.0844,0.002812,0,0,0.3,0,6,1
synthetic_008,geo_0_0_ling_30_vis_10,0.93,0.7482,0.1818,0.003636,0,0,0.3,10,4,1
synthetic_008,geo_0_0_ling_30_vis_25,0.93,0.7746,0.1554,0.001943,0,0,0.3,25,5,1
synthetic_008,geo_0_0_ling_30_vis_50,0.93,0.6444,0.2856,0.002197,0,0,0.3,50,5,1
synthetic_008,geo_10_5_ling_0_vis_0,0.93,0.8607,0.0693,0.001386,10,5,0.0,0,6,1
synthetic_008,geo_10_5_ling_0_vis_10,0.93,0.773,0.157,0.002243,10,5,0.0,10,3,1
synthetic_008,geo_10_5_ling_0_vis_25,0.93,0.6489,0.2811,0.002811,10,5,0.0,25,7,1
synthetic_008,geo_10_5_ling_0_vis_50,0.93,0.5349,0.3951,0.002634,10,5,0.0,50,5,1
synthetic_008,geo_10_5_ling_10_vis_0,0.93,0.7271,0.2029,0.003381,10,5,0.1,0,7,1
synthetic_008,geo_10_5_ling_10_vis_10,0.93,0.7483,0.1818,0.002272,10,5,0.1,10,7,1
synthetic_008,geo_10_5_ling_10_vis_25,0.93,0.6611,0.2689,0.002444,10,5,0.1,25,3,1
synthetic_008,geo_10_5_ling_10_vis_50,0.93,0.6465,0.2835,0.001772,10,5,0.1,50,2,1
synthetic_008,geo_10_5_ling_20_vis_0,0.93,0.7104,0.2197,0.003138,10,5,0.2,0,7,1
synthetic_008,geo_10_5_ling_20_vis_10,0.93,0.7451,0.1849,0.002055,10,5,0.2,10,5,1
synthetic_008,geo_10_5_ling_20_vis_25,0.93,0.5313,0.3987,0.003323,10,5,0.2,25,7,1
synthetic_008,geo_10_5_ling_20_vis_50,0.93,0.4821,0.4479,0.002635,10,5,0.2,50,7,1
synthetic_008,geo_10_5_ling_30_vis_0,0.93,0.7604,0.1696,0.00212,10,5,0.3,0,6,1
synthetic_008,geo_10_5_ling_30_vis_10,0.93,0.6081,0.3219,0.003219,10,5,0.3,10,7,1
synthetic_008,geo_10_5_ling_30_vis_25,0.93,0.7072,0.2228,0.001714,10,5,0.3,25,2,1
synthetic_008,geo_10_5_ling_30_vis_50,0.93,0.6519,0.2781,0.001545,10,5,0.3,50,4,1
synthetic_008,geo_20_10_ling_0_vis_0,0.93,0.706,0.224,0.00224,20,10,0.0,0,7,1
synthetic_008,geo_20_10_ling_0_vis_10,0.93,0.6419,0.2881,0.002401,20,10,0.0,10,5,1
synthetic_008,geo_20_10_ling_0_vis_25,0.93,0.434,0.496,0.003307,20,10,0.0,25,7,1
synthetic_008,geo_20_10_ling_0_vis_50,0.93,0.414,0.516,0.00258,20,10,0.0,50,5,1
synthetic_008,geo_20_10_ling_10_vis_0,0.93,0.7279,0.2021,0.001837,20,10,0.1,0,3,1
synthetic_008,geo_20_10_ling_10_vis_10,0.93,0.486,0.444,0.003416,20,10,0.1,10,7,1
synthetic_008,geo_20_10_ling_10_vis_25,0.93,0.6332,0.2968,0.001855,20,10,0.1,25,6,1
synthetic_008,geo_20_10_ling_10_vis_50,0.93,0.6158,0.3142,0.001496,20,10,0.1,50,4,1
synthetic_008,geo_20_10_ling_20_vis_0,0.93,0.5827,0.3474,0.002895,20,10,0.2,0,3,1
synthetic_008,geo_20_10_ling_20_vis_10,0.93,0.4899,0.4401,0.003144,20,10,0.2,10,2,1
synthetic_008,geo_20_10_ling_20_vis_25,0.93,0.4938,0.4362,0.002566,20,10,0.2,25,2,1
synthetic_008,geo_20_10_ling_20_vis_50,0.93,0.3652,0.5648,0.002567,20,10,0.2,50,7,1
synthetic_008,geo_20_10_ling_30_vis_0,0.93,0.5136,0.4164,0.003203,20,10,0.3,0,7,1
synthetic_008,geo_20_10_ling_30_vis_10,0.93,0.6634,0.2666,0.001777,20,10,0.3,10,6,1
synthetic_008,geo_20_10_ling_30_vis_25,0.93,0.5972,0.3329,0.001849,20,10,0.3,25,5,1
synthetic_008,geo_20_10_ling_30_vis_50,0.93,0.616,0.314,0.001365,20,10,0.3,50,5,1
synthetic_008,geo_30_15_ling_0_vis_0,0.93,0.4513,0.4787,0.003191,30,15,0.0,0,7,1
synthetic_008,geo_30_15_ling_0_vis_10,0.93,0.3901,0.5399,0.003176,30,15,0.0,10,6,1
synthetic_008,geo_30_15_ling_0_vis_25,0.93,0.6119,0.3181,0.00159,30,15,0.0,25,7,1
synthetic_008,geo_30_15_ling_0_vis_50,0.93,0.2417,0.6883,0.002753,30,15,0.0,50,4,1
synthetic_008,geo_30_15_ling_10_vis_0,0.93,0.593,0.337,0.002107,30,15,0.1,0,2,1
synthetic_008,geo_30_15_ling_10_vis_10,0.93,0.6335,0.2965,0.001647,30,15,0.1,10,4,1
synthetic_008,geo_30_15_ling_10_vis_25,0.93,0.3281,0.6019,0.002866,30,15,0.1,25,4,1
synthetic_008,geo_30_15_ling_10_vis_50,0.93,0.4336,0.4964,0.001909,30,15,0.1,50,6,1
synthetic_008,geo_30_15_ling_20_vis_0,0.93,0.646,0.284,0.001671,30,15,0.2,0,5,1
synthetic_008,geo_30_15_ling_20_vis_10,0.93,0.4162,0.5138,0.002704,30,15,0.2,10,5,1
synthetic_008,geo_30_15_ling_20_vis_25,0.93,0.1527,0.7773,0.003533,30,15,0.2,25,5,1
synthetic_008,geo_30_15_ling_20_vis_50,0.93,0.4074,0.5226,0.001936,30,15,0.2,50,5,1
synthetic_008,geo_30_15_ling_30_vis_0,0.93,0.4911,0.4389,0.002438,30,15,0.3,0,5,1
synthetic_008,geo_30_15_ling_30_vis_10,0.93,0.4723,0.4577,0.002289,30,15,0.3,10,6,1
synthetic_008,geo_30_15_ling_30_vis_25,0.93,0.4609,0.4691,0.002039,30,15,0.3,25,6,1
synthetic_008,geo_30_15_ling_30_vis_50,0.93,0.2392,0.6908,0.002467,30,15,0.3,50,6,1
synthetic_009,geo_0_0_ling_0_vis_0,0.7522,0.7522,0.0,0.0,0,0,0.0,0,6,1
synthetic_009,geo_0_0_ling_0_vis_10,0.7522,0.6921,0.0601,0.003005,0,0,0.0,10,3,1
synthetic_009,geo_0_0_ling_0_vis_25,0.7522,0.6889,0.0633,0.001266,0,0,0.0,25,3,1
synthetic_009,geo_0_0_ling_0_vis_50,0.7522,0.5333,0.2189,0.002189,0,0,0.0,50,6,1
synthetic_009,geo_0_0_ling_10_vis_0,0.7522,0.7522,0.0,0.0,0,0,0.1,0,4,1
synthetic_009,geo_0_0_ling_10_vis_10,0.7522,0.6952,0.057,0.001901,0,0,0.1,10,5,1
synthetic_009,geo_0_0_ling_10_vis_25,0.7522,0.6381,0.1141,0.001902,0,0,0.1,25,3,1
synthetic_009,geo_0_0_ling_10_vis_50,0.7522,0.4714,0.2808,0.002553,0,0,0.1,50,2,1
synthetic_009,geo_0_0_ling_20_vis_0,0.7522,0.7038,0.0484,0.002421,0,0,0.2,0,3,1
synthetic_009,geo_0_0_ling_20_vis_10,0.7522,0.6003,0.1519,0.003797,0,0,0.2,10,2,1
synthetic_009,geo_0_0_ling_20_vis_25,0.7522,0.6236,0.1286,0.001837,0,0,0.2,25,3,1
synthetic_009,geo_0_0_ling_20_vis_50,0.7522,0.4638,0.2884,0.002403,0,0,0.2,50,6,1
synthetic_009,geo_0_0_ling_30_vis_0,0.7522,0.6922,0.06,0.002,0,0,0.3,0,6,1
synthetic_009,geo_0_0_ling_30_vis_10,0.7522,0.5916,0.1606,0.003211,0,0,0.3,10,3,1
synthetic_009,geo_0_0_ling_30_vis_25,0.7522,0.6006,0.1516,0.001895,0,0,0.3,25,2,1
synthetic_009,geo_0_0_ling_30_vis_50,0.7522,0.5454,0.2068,0.001591,0,0,0.3,50,6,1
synthetic_009,geo_10_5_ling_0_vis_0,0.7522,0.6604,0.0918,0.001836,10,5,0.0,0,6,1
synthetic_009,geo_10_5_ling_0_vis_10,0.7522,0.6061,0.1461,0.002088,10,5,0.0,10,2,1
synthetic_009,geo_10_5_ling_0_vis_25,0.7522,0.4311,0.3211,0.003211,10,5,0.0,25,4,1
synthetic_009,geo_10_5_ling_0_vis_50,0.7522,0.5121,0.2401,0.001601,10,5,0.0,50,6,1
synthetic_009,geo_10_5_ling_10_vis_0,0.7522,0.6166,0.1356,0.002261,10,5,0.1,0,5,1
synthetic_009,geo_10_5_ling_10_vis_10,0.7522,0.6217,0.1305,0.001631,10,5,0.1,10,4,1
synthetic_009,geo_10_5_ling_10_vis_25,0.7522,0.4507,0.3015,0.002741,10,5,0.1,25,6,1
synthetic_009,geo_10_5_ling_10_vis_50,0.7522,0.3451,0.4072,0.002545,10,5,0.1,50,7,1
synthetic_009,geo_10_5_ling_20_vis_0,0.7522,0.5203,0.2319,0.003313,10,5,0.2,0,2,1
synthetic_009,geo_10_5_ling_20_vis_10,0.7522,0.4567,0.2955,0.003284,10,5,0.2,10,3,1
synthetic_009,geo_10_5_ling_20_vis_25,0.7522,0.5869,0.1653,0.001377,10,5,0.2,25,2,1
synthetic_009,geo_10_5_ling_20_vis_50,0.7522,0.2959,0.4563,0.002684,10,5,0.2,50,3,1
synthetic_009,geo_10_5_ling_30_vis_0,0.7522,0.5619,0.1903,0.002379,10,5,0.3,0,5,1
synthetic_009,geo_10_5_ling_30_vis_10,0.7522,0.5299,0.2223,0.002223,10,5,0.3,10,3,1
synthetic_009,geo_10_5_ling_30_vis_25,0.7522,0.3701,0.3821,0.002939,10,5,0.3,25,5,1
synthetic_009,geo_10_5_ling_30_vis_50,0.7522,0.4157,0.3365,0.00187,10,5,0.3,50,3,1
synthetic_009,geo_20_10_ling_0_vis_0,0.7522,0.5554,0.1968,0.001968,20,10,0.0,0,5,1
synthetic_009,geo_20_10_ling_0_vis_10,0.7522,0.5183,0.2339,0.00195,20,10,0.0,10,3,1
synthetic_009,geo_20_10_ling_0_vis_25,0.7522,0.254,0.4982,0.003322,20,10,0.0,25,4,1
synthetic_009,geo_20_10_ling_0_vis_50,0.7522,0.1041,0.6481,0.003241,20,10,0.0,50,6,1
synthetic_009,geo_20_10_ling_10_vis_0,0.7522,0.5182,0.234,0.002127,20,10,0.1,0,2,1
synthetic_009,geo_20_10_ling_10_vis_10,0.7522,0.4847,0.2675,0.002058,20,10,0.1,10,3,1
synthetic_009,geo_20_10_ling_10_vis_25,0.7522,0.3012,0.451,0.002819,20,10,0.1,25,5,1
synthetic_009,geo_20_10_ling_10_vis_50,0.7522,0.3826,0.3696,0.00176,20,10,0.1,50,7,1
synthetic_009,geo_20_10_ling_20_vis_0,0.7522,0.3856,0.3667,0.003055,20,10,0.2,0,6,1
synthetic_009,geo_20_10_ling_20_vis_10,0.7522,0.5304,0.2218,0.001584,20,10,0.2,10,6,1
synthetic_009,geo_20_10_ling_20_vis_25,0.7522,0.2881,0.4641,0.00273,20,10,0.2,25,5,1
synthetic_009,geo_20_10_ling_20_vis_50,0.7522,0.1006,0.6516,0.002962,20,10,0.2,50,4,1
synthetic_009,geo_20_10_ling_30_vis_0,0.7522,0.3469,0.4053,0.003118,20,10,0.3,0,7,1
synthetic_009,geo_20_10_ling_30_vis_10,0.7522,0.329,0.4232,0.002821,20,10,0.3,10,6,1
synthetic_009,geo_20_10_ling_30_vis_25,0.7522,0.4284,0.3238,0.001799,20,10,0.3,25,6,1
synthetic_009,geo_20_10_ling_30_vis_50,0.7522,0.3295,0.4227,0.001838,20,10,0.3,50,3,1
synthetic_009,geo_30_15_ling_0_vis_0,0.7522,0.3479,0.4043,0.002696,30,15,0.0,0,4,1
synthetic_009,geo_30_15_ling_0_vis_10,0.7522,0.1446,0.6076,0.003574,30,15,0.0,10,4,1
synthetic_009,geo_30_15_ling_0_vis_25,0.7522,0.3032,0.449,0.002245,30,15,0.0,25,3,1
synthetic_009,geo_30_15_ling_0_vis_50,0.7522,0.0,0.7579,0.003032,30,15,0.0,50,7,1
synthetic_009,geo_30_15_ling_10_vis_0,0.7522,0.3254,0.4268,0.002668,30,15,0.1,0,6,1
synthetic_009,geo_30_15_ling_10_vis_10,0.7522,0.3105,0.4417,0.002454,30,15,0.1,10,5,1
synthetic_009,geo_30_15_ling_10_vis_25,0.7522,0.4507,0.3015,0.001436,30,15,0.1,25,3,1
synthetic_009,geo_30_15_ling_10_vis_50,0.7522,0.0,0.7975,0.003067,30,15,0.1,50,5,1
synthetic_009,geo_30_15_ling_20_vis_0,0.7522,0.3951,0.3571,0.0021,30,15,0.2,0,4,1
synthetic_009,geo_30_15_ling_20_vis_10,0.7522,0.105,0.6472,0.003406,30,15,0.2,10,5,1
synthetic_009,geo_30_15_ling_20_vis_25,0.7522,0.2284,0.5238,0.002381,30,15,0.2,25,7,1
synthetic_009,geo_30_15_ling_20_vis_50,0.7522,0.0146,0.7376,0.002732,30,15,0.2,50,6,1
synthetic_009,geo_30_15_ling_30_vis_0,0.7522,0.2518,0.5004,0.00278,30,15,0.3,0,2,1
synthetic_009,geo_30_15_ling_30_vis_10,0.7522,0.2405,0.5117,0.002558,30,15,0.3,10,5,1
synthetic_009,geo_30_15_ling_30_vis_25,0.7522,0.1833,0.5689,0.002473,30,15,0.3,25,3,1
synthetic_009,geo_30_15_ling_30_vis_50,0.7522,0.0117,0.7405,0.002645,30,15,0.3,50,5,1
synthetic_010,geo_0_0_ling_0_vis_0,0.7606,0.7284,0.0321,0.032122,0,0,0.0,0,5,1
synthetic_010,geo_0_0_ling_0_vis_10,0.7606,0.6663,0.0943,0.004713,0,0,0.0,10,2,1
synthetic_010,geo_0_0_ling_0_vis_25,0.7606,0.6128,0.1478,0.002955,0,0,0.0,25,5,1
synthetic_010,geo_0_0_ling_0_vis_50,0.7606,0.4699,0.2906,0.002906,0,0,0.0,50,7,1
synthetic_010,geo_0_0_ling_10_vis_0,0.7606,0.7397,0.0208,0.002083,0,0,0.1,0,6,1
synthetic_010,geo_0_0_ling_10_vis_10,0.7606,0.6806,0.08,0.002666,0,0,0.1,10,2,1
synthetic_010,geo_0_0_ling_10_vis_25,0.7606,0.6201,0.1404,0.00234,0,0,0.1,25,4,1
synthetic_010,geo_0_0_ling_10_vis_50,0.7606,0.4217,0.3389,0.003081,0,0,0.1,50,4,1
synthetic_010,geo_0_0_ling_20_vis_0,0.7606,0.7188,0.0418,0.002088,0,0,0.2,0,7,1
synthetic_010,geo_0_0_ling_20_vis_10,0.7606,0.6605,0.1001,0.002502,0,0,0.2,10,4,1
synthetic_010,geo_0_0_ling_20_vis_25,0.7606,0.5535,0.2071,0.002959,0,0,0.2,25,3,1
synthetic_010,geo_0_0_ling_20_vis_50,0.7606,0.5278,0.2327,0.00194,0,0,0.2,50,6,1
synthetic_010,geo_0_0_ling_30_vis_0,0.7606,0.6398,0.1208,0.004025,0,0,0.3,0,7,1
synthetic_010,geo_0_0_ling_30_vis_10,0.7606,0.6003,0.1603,0.003206,0,0,0.3,10,6,1
synthetic_010,geo_0_0_ling_30_vis_25,0.7606,0.527,0.2335,0.002919,0,0,0.3,25,6,1
synthetic_010,geo_0_0_ling_30_vis_50,0.7606,0.4665,0.294,0.002262,0,0,0.3,50,6,1
synthetic_010,geo_10_5_ling_0_vis_0,0.7606,0.662,0.0986,0.001972,10,5,0.0,0,5,1
synthetic_010,geo_10_5_ling_0_vis_10,0.7606,0.6496,0.1109,0.001585,10,5,0.0,10,3,1
synthetic_010,geo_10_5_ling_0_vis_25,0.7606,0.4342,0.3264,0.003264,10,5,0.0,25,5,1
synthetic_010,geo_10_5_ling_0_vis_50,0.7606,0.3585,0.4021,0.002681,10,5,0.0,50,5,1
synthetic_010,geo_10_5_ling_10_vis_0,0.7606,0.6512,0.1093,0.001822,10,5,0.1,0,3,1
synthetic_010,geo_10_5_ling_10_vis_10,0.7606,0.6109,0.1497,0.001871,10,5,0.1,10,7,1
synthetic_010,geo_10_5_ling_10_vis_25,0.7606,0.5108,0.2498,0.00227,10,5,0.1,25,2,1
synthetic_010,geo_10_5_ling_10_vis_50,0.7606,0.3503,0.4103,0.002564,10,5,0.1,50,4,1
synthetic_010,geo_10_5_ling_20_vis_0,0.7606,0.6953,0.0653,0.000933,10,5,0.2,0,7,1
synthetic_010,geo_10_5_ling_20_vis_10,0.7606,0.4459,0.3147,0.003496,10,5,0.2,10,3,1
synthetic_010,geo_10_5_ling_20_vis_25,0.7606,0.426,0.3345,0.002788,10,5,0.2,25,6,1
synthetic_010,geo_10_5_ling_20_vis_50,0.7606,0.485,0.2755,0.001621,10,5,0.2,50,5,1
synthetic_010,geo_10_5_ling_30_vis_0,0.7606,0.5166,0.2439,0.003049,10,5,0.3,0,6,1
synthetic_010,geo_10_5_ling_30_vis_10,0.7606,0.5121,0.2484,0.002484,10,5,0.3,10,4,1
synthetic_010,geo_10_5_ling_30_vis_25,0.7606,0.3882,0.3724,0.002865,10,5,0.3,25,4,1
synthetic_010,geo_10_5_ling_30_vis_50,0.7606,0.1619,0.5986,0.003326,10,5,0.3,50,5,1
synthetic_010,geo_20_10_ling_0_vis_0,0.7606,0.5554,0.2052,0.002052,20,10,0.0,0,7,1
synthetic_010,geo_20_10_ling_0_vis_10,0.7606,0.4621,0.2985,0.002487,20,10,0.0,10,2,1
synthetic_010,geo_20_10_ling_0_vis_25,0.7606,0.2512,0.5093,0.003395,20,10,0.0,25,4,1
synthetic_010,geo_20_10_ling_0_vis_50,0.7606,0.4614,0.2991,0.001496,20,10,0.0,50,7,1
synthetic_010,geo_20_10_ling_10_vis_0,0.7606,0.5016,0.259,0.002354,20,10,0.1,0,3,1
synthetic_010,geo_20_10_ling_10_vis_10,0.7606,0.4285,0.3321,0.002554,20,10,0.1,10,6,1
synthetic_010,geo_20_10_ling_10_vis_25,0.7606,0.4979,0.2626,0.001641,20,10,0.1,25,3,1
synthetic_010,geo_20_10_ling_10_vis_50,0.7606,0.2384,0.5222,0.002487,20,10,0.1,50,4,1
synthetic_010,geo_20_10_ling_20_vis_0,0.7606,0.4385,0.322,0.002683,20,10,0.2,0,7,1
synthetic_010,geo_20_10_ling_20_vis_10,0.7606,0.3233,0.4373,0.003123,20,10,0.2,10,3,1
synthetic_010,geo_20_10_ling_20_vis_25,0.7606,0.1733,0.5873,0.003455,20,10,0.2,25,6,1
synthetic_010,geo_20_10_ling_20_vis_50,0.7606,0.3289,0.4316,0.001962,20,10,0.2,50,5,1
synthetic_010,geo_20_10_ling_30_vis_0,0.7606,0.3977,0.3628,0.002791,20,10,0.3,0,6,1
synthetic_010,geo_20_10_ling_30_vis_10,0.7606,0.3358,0.4248,0.002832,20,10,0.3,10,5,1
synthetic_010,geo_20_10_ling_30_vis_25,0.7606,0.183,0.5776,0.003209,20,10,0.3,25,3,1
synthetic_010,geo_20_10_ling_30_vis_50,0.7606,0.1015,0.6591,0.002866,20,10,0.3,50,2,1
synthetic_010,geo_30_15_ling_0_vis_0,0.7606,0.5286,0.2319,0.001546,30,15,0.0,0,5,1
synthetic_010,geo_30_15_ling_0_vis_10,0.7606,0.3371,0.4234,0.002491,30,15,0.0,10,5,1
synthetic_010,geo_30_15_ling_0_vis_25,0.7606,0.1573,0.6033,0.003016,30,15,0.0,25,4,1
synthetic_010,geo_30_15_ling_0_vis_50,0.7606,0.238,0.5226,0.00209,30,15,0.0,50,4,1
synthetic_010,geo_30_15_ling_10_vis_0,0.7606,0.39,0.3706,0.002316,30,15,0.1,0,5,1
synthetic_010,geo_30_15_ling_10_vis_10,0.7606,0.2154,0.5452,0.003029,30,15,0.1,10,5,1
synthetic_010,geo_30_15_ling_10_vis_25,0.7606,0.3085,0.4521,0.002153,30,15,0.1,25,7,1
synthetic_010,geo_30_15_ling_10_vis_50,0.7606,0.121,0.6396,0.00246,30,15,0.1,50,3,1
synthetic_010,geo_30_15_ling_20_vis_0,0.7606,0.378,0.3826,0.002251,30,15,0.2,0,4,1
synthetic_010,geo_30_15_ling_20_vis_10,0.7606,0.3333,0.4272,0.002249,30,15,0.2,10,4,1
synthetic_010,geo_30_15_ling_20_vis_25,0.7606,0.3197,0.4409,0.002004,30,15,0.2,25,6,1
synthetic_010,geo_30_15_ling_20_vis_50,0.7606,0.0,0.7903,0.002927,30,15,0.2,50,4,1
synthetic_010,geo_30_15_ling_30_vis_0,0.7606,0.395,0.3656,0.002031,30,15,0.3,0,2,1
synthetic_010,geo_30_15_ling_30_vis_10,0.7606,0.2706,0.49,0.00245,30,15,0.3,10,6,1
synthetic_010,geo_30_15_ling_30_vis_25,0.7606,0.1296,0.631,0.002743,30,15,0.3,25,7,1
synthetic_010,geo_30_15_ling_30_vis_50,0.7606,0.0,0.9772,0.00349,30,15,0.3,50,4,1
synthetic_011,geo_0_0_ling_0_vis_0,0.7824,0.7587,0.0237,0.023748,0,0,0.0,0,2,1
synthetic_011,geo_0_0_ling_0_vis_10,0.7824,0.6677,0.1147,0.005735,0,0,0.0,10,3,1
synthetic_011,geo_0_0_ling_0_vis_25,0.7824,0.7156,0.0668,0.001337,0,0,0.0,25,6,1
synthetic_011,geo_0_0_ling_0_vis_50,0.7824,0.5612,0.2212,0.002212,0,0,0.0,50,7,1
synthetic_011,geo_0_0_ling_10_vis_0,0.7824,0.7768,0.0057,0.000569,0,0,0.1,0,4,1
synthetic_011,geo_0_0_ling_10_vis_10,0.7824,0.6606,0.1219,0.004063,0,0,0.1,10,5,1
synthetic_011,geo_0_0_ling_10_vis_25,0.7824,0.6392,0.1433,0.002388,0,0,0.1,25,4,1
synthetic_011,geo_0_0_ling_10_vis_50,0.7824,0.4687,0.3138,0.002852,0,0,0.1,50,7,1
synthetic_011,geo_0_0_ling_20_vis_0,0.7824,0.7287,0.0538,0.002688,0,0,0.2,0,7,1
synthetic_011,geo_0_0_ling_20_vis_10,0.7824,0.654,0.1285,0.003212,0,0,0.2,10,4,1
synthetic_011,geo_0_0_ling_20_vis_25,0.7824,0.6708,0.1116,0.001595,0,0,0.2,25,3,1
synthetic_011,geo_0_0_ling_20_vis_50,0.7824,0.4957,0.2867,0.002389,0,0,0.2,50,7,1
synthetic_011,geo_0_0_ling_30_vis_0,0.7824,0.6846,0.0979,0.003262,0,0,0.3,0,4,1
synthetic_011,geo_0_0_ling_30_vis_10,0.7824,0.6364,0.1461,0.002921,0,0,0.3,10,5,1
synthetic_011,geo_0_0_ling_30_vis_25,0.7824,0.5505,0.2319,0.002899,0,0,0.3,25,5,1
synthetic_011,geo_0_0_ling_30_vis_50,0.7824,0.4237,0.3587,0.002759,0,0,0.3,50,7,1
synthetic_011,geo_10_5_ling_0_vis_0,0.7824,0.6101,0.1723,0.003446,10,5,0.0,0,4,1
synthetic_011,geo_10_5_ling_0_vis_10,0.7824,0.5898,0.1927,0.002753,10,5,0.0,10,2,1
synthetic_011,geo_10_5_ling_0_vis_25,0.7824,0.6012,0.1812,0.001812,10,5,0.0,25,2,1
synthetic_011,geo_10_5_ling_0_vis_50,0.7824,0.4701,0.3123,0.002082,10,5,0.0,50,7,1
synthetic_011,geo_10_5_ling_10_vis_0,0.7824,0.6053,0.1771,0.002952,10,5,0.1,0,2,1
synthetic_011,geo_10_5_ling_10_vis_10,0.7824,0.5303,0.2522,0.003152,10,5,0.1,10,6,1
synthetic_011,geo_10_5_ling_10_vis_25,0.7824,0.4025,0.3799,0.003454,10,5,0.1,25,4,1
synthetic_011,geo_10_5_ling_10_vis_50,0.7824,0.3562,0.4263,0.002664,10,5,0.1,50,4,1
synthetic_011,geo_10_5_ling_20_vis_0,0.7824,0.6492,0.1333,0.001904,10,5,0.2,0,6,1
synthetic_011,geo_10_5_ling_20_vis_10,0.7824,0.5606,0.2218,0.002465,10,5,0.2,10,4,1
synthetic_011,geo_10_5_ling_20_vis_25,0.7824,0.5053,0.2771,0.002309,10,5,0.2,25,2,1
synthetic_011,geo_10_5_ling_20_vis_50,0.7824,0.4849,0.2975,0.00175,10,5,0.2,50,7,1
synthetic_011,geo_10_5_ling_30_vis_0,0.7824,0.5014,0.2811,0.003514,10,5,0.3,0,4,1
synthetic_011,geo_10_5_ling_30_vis_10,0.7824,0.4466,0.3358,0.003358,10,5,0.3,10,4,1
synthetic_011,geo_10_5_ling_30_vis_25,0.7824,0.3736,0.4088,0.003145,10,5,0.3,25,5,1
synthetic_011,geo_10_5_ling_30_vis_50,0.7824,0.2943,0.4881,0.002712,10,5,0.3,50,5,1
synthetic_011,geo_20_10_ling_0_vis_0,0.7824,0.6026,0.1799,0.001799,20,10,0.0,0,2,1
synthetic_011,geo_20_10_ling_0_vis_10,0.7824,0.5076,0.2748,0.00229,20,10,0.0,10,2,1
synthetic_011,geo_20_10_ling_0_vis_25,0.7824,0.4008,0.3816,0.002544,20,10,0.0,25,4,1
synthetic_011,geo_20_10_ling_0_vis_50,0.7824,0.4242,0.3582,0.001791,20,10,0.0,50,7,1
synthetic_011,geo_20_10_ling_10_vis_0,0.7824,0.4454,0.3371,0.003064,20,10,0.1,0,7,1
synthetic_011,geo_20_10_ling_10_vis_10,0.7824,0.481,0.3015,0.002319,20,10,0.1,10,6,1
synthetic_011,geo_20_10_ling_10_vis_25,0.7824,0.2854,0.497,0.003107,20,10,0.1,25,4,1
synthetic_011,geo_20_10_ling_10_vis_50,0.7824,0.0832,0.6992,0.00333,20,10,0.1,50,3,1
synthetic_011,geo_20_10_ling_20_vis_0,0.7824,0.4894,0.2931,0.002442,20,10,0.2,0,6,1
synthetic_011,geo_20_10_ling_20_vis_10,0.7824,0.389,0.3934,0.00281,20,10,0.2,10,2,1
synthetic_011,geo_20_10_ling_20_vis_25,0.7824,0.2869,0.4955,0.002915,20,10,0.2,25,4,1
synthetic_011,geo_20_10_ling_20_vis_50,0.7824,0.087,0.6954,0.003161,20,10,0.2,50,2,1
synthetic_011,geo_20_10_ling_30_vis_0,0.7824,0.5913,0.1912,0.001471,20,10,0.3,0,7,1
synthetic_011,geo_20_10_ling_30_vis_10,0.7824,0.4222,0.3602,0.002401,20,10,0.3,10,2,1
synthetic_011,geo_20_10_ling_30_vis_25,0.7824,0.3967,0.3857,0.002143,20,10,0.3,25,6,1
synthetic_011,geo_20_10_ling_30_vis_50,0.7824,0.1541,0.6283,0.002732,20,10,0.3,50,5,1
synthetic_011,geo_30_15_ling_0_vis_0,0.7824,0.2928,0.4897,0.003264,30,15,0.0,0,5,1
synthetic_011,geo_30_15_ling_0_vis_10,0.7824,0.4698,0.3126,0.001839,30,15,0.0,10,7,1
synthetic_011,geo_30_15_ling_0_vis_25,0.7824,0.1719,0.6105,0.003053,30,15,0.0,25,2,1
synthetic_011,geo_30_15_ling_0_vis_50,0.7824,0.1893,0.5931,0.002373,30,15,0.0,50,7,1
synthetic_011,geo_30_15_ling_10_vis_0,0.7824,0.5346,0.2478,0.001549,30,15,0.1,0,5,1
synthetic_011,geo_30_15_ling_10_vis_10,0.7824,0.3214,0.4611,0.002561,30,15,0.1,10,4,1
synthetic_011,geo_30_15_ling_10_vis_25,0.7824,0.413,0.3694,0.001759,30,15,0.1,25,7,1
synthetic_011,geo_30_15_ling_10_vis_50,0.7824,0.1162,0.6662,0.002562,30,15,0.1,50,6,1
synthetic_011,geo_30_15_ling_20_vis_0,0.7824,0.3469,0.4355,0.002562,30,15,0.2,0,2,1
synthetic_011,geo_30_15_ling_20_vis_10,0.7824,0.4473,0.3352,0.001764,30,15,0.2,10,7,1
synthetic_011,geo_30_15_ling_20_vis_25,0.7824,0.0955,0.687,0.003123,30,15,0.2,25,6,1
synthetic_011,geo_30_15_ling_20_vis_50,0.7824,0.1251,0.6573,0.002435,30,15,0.2,50,7,1
synthetic_011,geo_30_15_ling_30_vis_0,0.7824,0.3812,0.4012,0.002229,30,15,0.3,0,2,1
synthetic_011,geo_30_15_ling_30_vis_10,0.7824,0.4198,0.3626,0.001813,30,15,0.3,10,4,1
synthetic_011,geo_30_15_ling_30_vis_25,0.7824,0.0414,0.741,0.003222,30,15,0.3,25,4,1
synthetic_011,geo_30_15_ling_30_vis_50,0.7824,0.3359,0.4465,0.001595,30,15,0.3,50,4,1
synthetic_012,geo_0_0_ling_0_vis_0,0.7763,0.7763,0.0,0.0,0,0,0.0,0,5,1
synthetic_012,geo_0_0_ling_0_vis_10,0.7763,0.7482,0.0281,0.001407,0,0,0.0,10,6,1
synthetic_012,geo_0_0_ling_0_vis_25,0.7763,0.6615,0.1148,0.002296,0,0,0.0,25,6,1
synthetic_012,geo_0_0_ling_0_vis_50,0.7763,0.4647,0.3116,0.003116,0,0,0.0,50,5,1
synthetic_012,geo_0_0_ling_10_vis_0,0.7763,0.742,0.0343,0.003432,0,0,0.1,0,3,1
synthetic_012,geo_0_0_ling_10_vis_10,0.7763,0.7282,0.0481,0.001604,0,0,0.1,10,5,1
synthetic_012,geo_0_0_ling_10_vis_25,0.7763,0.6833,0.093,0.00155,0,0,0.1,25,4,1
synthetic_012,geo_0_0_ling_10_vis_50,0.7763,0.4945,0.2818,0.002562,0,0,0.1,50,5,1
synthetic_012,geo_0_0_ling_20_vis_0,0.7763,0.7438,0.0325,0.001626,0,0,0.2,0,2,1
synthetic_012,geo_0_0_ling_20_vis_10,0.7763,0.6589,0.1174,0.002935,0,0,0.2,10,6,1
synthetic_012,geo_0_0_ling_20_vis_25,0.7763,0.5528,0.2235,0.003193,0,0,0.2,25,3,1
synthetic_012,geo_0_0_ling_20_vis_50,0.7763,0.5105,0.2658,0.002215,0,0,0.2,50,4,1
synthetic_012,geo_0_0_ling_30_vis_0,0.7763,0.6574,0.1189,0.003962,0,0,0.3,0,5,1
synthetic_012,geo_0_0_ling_30_vis_10,0.7763,0.6318,0.1445,0.002891,0,0,0.3,10,6,1
synthetic_012,geo_0_0_ling_30_vis_25,0.7763,0.5107,0.2656,0.003319,0,0,0.3,25,3,1
synthetic_012,geo_0_0_ling_30_vis_50,0.7763,0.5931,0.1831,0.001409,0,0,0.3,50,7,1
synthetic_012,geo_10_5_ling_0_vis_0,0.7763,0.6648,0.1115,0.002231,10,5,0.0,0,3,1
synthetic_012,geo_10_5_ling_0_vis_10,0.7763,0.5459,0.2304,0.003291,10,5,0.0,10,7,1
synthetic_012,geo_10_5_ling_0_vis_25,0.7763,0.4893,0.287,0.00287,10,5,0.0,25,2,1
synthetic_012,geo_10_5_ling_0_vis_50,0.7763,0.5484,0.2279,0.001519,10,5,0.0,50,6,1
synthetic_012,geo_10_5_ling_10_vis_0,0.7763,0.5664,0.2099,0.003498,10,5,0.1,0,2,1
synthetic_012,geo_10_5_ling_10_vis_10,0.7763,0.6222,0.1541,0.001926,10,5,0.1,10,3,1
synthetic_012,geo_10_5_ling_10_vis_25,0.7763,0.4927,0.2836,0.002578,10,5,0.1,25,4,1
synthetic_012,geo_10_5_ling_10_vis_50,0.7763,0.2884,0.4878,0.003049,10,5,0.1,50,2,1
synthetic_012,geo_10_5_ling_20_vis_0,0.7763,0.5951,0.1812,0.002589,10,5,0.2,0,3,1
synthetic_012,geo_10_5_ling_20_vis_10,0.7763,0.6097,0.1666,0.001852,10,5,0.2,10,7,1
synthetic_012,geo_10_5_ling_20_vis_25,0.7763,0.4467,0.3296,0.002747,10,5,0.2,25,5,1
synthetic_012,geo_10_5_ling_20_vis_50,0.7763,0.3453,0.431,0.002535,10,5,0.2,50,5,1
synthetic_012,geo_10_5_ling_30_vis_0,0.7763,0.6446,0.1317,0.001646,10,5,0.3,0,3,1
synthetic_012,geo_10_5_ling_30_vis_10,0.7763,0.5412,0.2351,0.002351,10,5,0.3,10,4,1
synthetic_012,geo_10_5_ling_30_vis_25,0.7763,0.4722,0.3041,0.002339,10,5,0.3,25,2,1
synthetic_012,geo_10_5_ling_30_vis_50,0.7763,0.236,0.5403,0.003002,10,5,0.3,50,6,1
synthetic_012,geo_20_10_ling_0_vis_0,0.7763,0.5146,0.2617,0.002617,20,10,0.0,0,7,1
synthetic_012,geo_20_10_ling_0_vis_10,0.7763,0.4642,0.3121,0.002601,20,10,0.0,10,5,1
synthetic_012,geo_20_10_ling_0_vis_25,0.7763,0.5005,0.2758,0.001838,20,10,0.0,25,6,1
synthetic_012,geo_20_10_ling_0_vis_50,0.7763,0.3143,0.462,0.00231,20,10,0.0,50,4,1
synthetic_012,geo_20_10_ling_10_vis_0,0.7763,0.5683,0.208,0.001891,20,10,0.1,0,4,1
synthetic_012,geo_20_10_ling_10_vis_10,0.7763,0.5605,0.2158,0.00166,20,10,0.1,10,4,1
synthetic_012,geo_20_10_ling_10_vis_25,0.7763,0.5112,0.2651,0.001657,20,10,0.1,25,3,1
synthetic_012,geo_20_10_ling_10_vis_50,0.7763,0.4132,0.3631,0.001729,20,10,0.1,50,3,1
synthetic_012,geo_20_10_ling_20_vis_0,0.7763,0.5588,0.2175,0.001812,20,10,0.2,0,3,1
synthetic_012,geo_20_10_ling_20_vis_10,0.7763,0.3592,0.4171,0.002979,20,10,0.2,10,2,1
synthetic_012,geo_20_10_ling_20_vis_25,0.7763,0.5128,0.2635,0.00155,20,10,0.2,25,2,1
synthetic_012,geo_20_10_ling_20_vis_50,0.7763,0.2701,0.5062,0.002301,20,10,0.2,50,7,1
synthetic_012,geo_20_10_ling_30_vis_0,0.7763,0.4369,0.3394,0.002611,20,10,0.3,0,3,1
synthetic_012,geo_20_10_ling_30_vis_10,0.7763,0.5244,0.2519,0.001679,20,10,0.3,10,6,1
synthetic_012,geo_20_10_ling_30_vis_25,0.7763,0.2422,0.5341,0.002967,20,10,0.3,25,6,1
synthetic_012,geo_20_10_ling_30_vis_50,0.7763,0.3526,0.4237,0.001842,20,10,0.3,50,2,1
synthetic_012,geo_30_15_ling_0_vis_0,0.7763,0.4214,0.3549,0.002366,30,15,0.0,0,4,1
synthetic_012,geo_30_15_ling_0_vis_10,0.7763,0.3168,0.4595,0.002703,30,15,0.0,10,4,1
synthetic_012,geo_30_15_ling_0_vis_25,0.7763,0.4037,0.3726,0.001863,30,15,0.0,25,5,1
synthetic_012,geo_30_15_ling_0_vis_50,0.7763,0.2076,0.5687,0.002275,30,15,0.0,50,2,1
synthetic_012,geo_30_15_ling_10_vis_0,0.7763,0.3222,0.4541,0.002838,30,15,0.1,0,3,1
synthetic_012,geo_30_15_ling_10_vis_10,0.7763,0.3642,0.4121,0.002289,30,15,0.1,10,6,1
synthetic_012,geo_30_15_ling_10_vis_25,0.7763,0.39,0.3863,0.001839,30,15,0.1,25,7,1
synthetic_012,geo_30_15_ling_10_vis_50,0.7763,0.2527,0.5236,0.002014,30,15,0.1,50,4,1
synthetic_012,geo_30_15_ling_20_vis_0,0.7763,0.2068,0.5695,0.00335,30,15,0.2,0,5,1
synthetic_012,geo_30_15_ling_20_vis_10,0.7763,0.4415,0.3348,0.001762,30,15,0.2,10,7,1
synthetic_012,geo_30_15_ling_20_vis_25,0.7763,0.0931,0.6832,0.003105,30,15,0.2,25,5,1
synthetic_012,geo_30_15_ling_20_vis_50,0.7763,0.1261,0.6502,0.002408,30,15,0.2,50,3,1
synthetic_012,geo_30_15_ling_30_vis_0,0.7763,0.1689,0.6074,0.003374,30,15,0.3,0,5,1
synthetic_012,geo_30_15_ling_30_vis_10,0.7763,0.3064,0.4699,0.00235,30,15,0.3,10,7,1
synthetic_012,geo_30_15_ling_30_vis_25,0.7763,0.1894,0.5869,0.002552,30,15,0.3,25,2,1
synthetic_012,geo_30_15_ling_30_vis_50,0.7763,0.058,0.7183,0.002565,30,15,0.3,50,4,1
synthetic_013,geo_0_0_ling_0_vis_0,0.8523,0.8311,0.0211,0.021121,0,0,0.0,0,7,1
synthetic_013,geo_0_0_ling_0_vis_10,0.8523,0.7996,0.0527,0.002635,0,0,0.0,10,5,1
synthetic_013,geo_0_0_ling_0_vis_25,0.8523,0.6862,0.166,0.003321,0,0,0.0,25,6,1
synthetic_013,geo_0_0_ling_0_vis_50,0.8523,0.5771,0.2751,0.002751,0,0,0.0,50,2,1
synthetic_013,geo_0_0_ling_10_vis_0,0.8523,0.8523,0.0,0.0,0,0,0.1,0,7,1
synthetic_013,geo_0_0_ling_10_vis_10,0.8523,0.8078,0.0445,0.001482,0,0,0.1,10,6,1
synthetic_013,geo_0_0_ling_10_vis_25,0.8523,0.6879,0.1644,0.002739,0,0,0.1,25,3,1
synthetic_013,geo_0_0_ling_10_vis_50,0.8523,0.5785,0.2738,0.002489,0,0,0.1,50,6,1
synthetic_013,geo_0_0_ling_20_vis_0,0.8523,0.8195,0.0328,0.00164,0,0,0.2,0,7,1
synthetic_013,geo_0_0_ling_20_vis_10,0.8523,0.7191,0.1331,0.003329,0,0,0.2,10,5,1
synthetic_013,geo_0_0_ling_20_vis_25,0.8523,0.6525,0.1997,0.002853,0,0,0.2,25,2,1
synthetic_013,geo_0_0_ling_20_vis_50,0.8523,0.4955,0.3567,0.002973,0,0,0.2,50,4,1
synthetic_013,geo_0_0_ling_30_vis_0,0.8523,0.7283,0.1239,0.004131,0,0,0.3,0,7,1
synthetic_013,geo_0_0_ling_30_vis_10,0.8523,0.7656,0.0867,0.001734,0,0,0.3,10,2,1
synthetic_013,geo_0_0_ling_30_vis_25,0.8523,0.6898,0.1624,0.00203,0,0,0.3,25,6,1
synthetic_013,geo_0_0_ling_30_vis_50,0.8523,0.4576,0.3947,0.003036,0,0,0.3,50,6,1
synthetic_013,geo_10_5_ling_0_vis_0,0.8523,0.6915,0.1608,0.003216,10,5,0.0,0,4,1
synthetic_013,geo_10_5_ling_0_vis_10,0.8523,0.6584,0.1938,0.002769,10,5,0.0,10,2,1
synthetic_013,geo_10_5_ling_0_vis_25,0.8523,0.5384,0.3139,0.003139,10,5,0.0,25,7,1
synthetic_013,geo_10_5_ling_0_vis_50,0.8523,0.558,0.2943,0.001962,10,5,0.0,50,4,1
synthetic_013,geo_10_5_ling_10_vis_0,0.8523,0.6519,0.2004,0.003339,10,5,0.1,0,6,1
synthetic_013,geo_10_5_ling_10_vis_10,0.8523,0.566,0.2863,0.003578,10,5,0.1,10,4,1
synthetic_013,geo_10_5_ling_10_vis_25,0.8523,0.5104,0.3418,0.003108,10,5,0.1,25,3,1
synthetic_013,geo_10_5_ling_10_vis_50,0.8523,0.3513,0.501,0.003131,10,5,0.1,50,7,1
synthetic_013,geo_10_5_ling_20_vis_0,0.8523,0.7435,0.1088,0.001554,10,5,0.2,0,5,1
synthetic_013,geo_10_5_ling_20_vis_10,0.8523,0.576,0.2762,0.003069,10,5,0.2,10,4,1
synthetic_013,geo_10_5_ling_20_vis_25,0.8523,0.4825,0.3697,0.003081,10,5,0.2,25,4,1
synthetic_013,geo_10_5_ling_20_vis_50,0.8523,0.5758,0.2765,0.001626,10,5,0.2,50,6,1
synthetic_013,geo_10_5_ling_30_vis_0,0.8523,0.627,0.2252,0.002815,10,5,0.3,0,6,1
synthetic_013,geo_10_5_ling_30_vis_10,0.8523,0.5764,0.2759,0.002759,10,5,0.3,10,6,1
synthetic_013,geo_10_5_ling_30_vis_25,0.8523,0.5631,0.2892,0.002224,10,5,0.3,25,7,1
synthetic_013,geo_10_5_ling_30_vis_50,0.8523,0.4072,0.4451,0.002473,10,5,0.3,50,5,1
synthetic_013,geo_20_10_ling_0_vis_0,0.8523,0.5731,0.2791,0.002791,20,10,0.0,0,7,1
synthetic_013,geo_20_10_ling_0_vis_10,0.8523,0.5709,0.2813,0.002344,20,10,0.0,10,7,1
synthetic_013,geo_20_10_ling_0_vis_25,0.8523,0.3758,0.4765,0.003177,20,10,0.0,25,5,1
synthetic_013,geo_20_10_ling_0_vis_50,0.8523,0.4677,0.3845,0.001923,20,10,0.0,50,3,1
synthetic_013,geo_20_10_ling_10_vis_0,0.8523,0.5878,0.2644,0.002404,20,10,0.1,0,2,1
synthetic_013,geo_20_10_ling_10_vis_10,0.8523,0.4464,0.4059,0.003122,20,10,0.1,10,2,1
synthetic_013,geo_20_10_ling_10_vis_25,0.8523,0.6247,0.2275,0.001422,20,10,0.1,25,7,1
synthetic_013,geo_20_10_ling_10_vis_50,0.8523,0.24,0.6122,0.002915,20,10,0.1,50,3,1
synthetic_013,geo_20_10_ling_20_vis_0,0.8523,0.5506,0.3017,0.002514,20,10,0.2,0,6,1
synthetic_013,geo_20_10_ling_20_vis_10,0.8523,0.3851,0.4672,0.003337,20,10,0.2,10,2,1
synthetic_013,geo_20_10_ling_20_vis_25,0.8523,0.4602,0.3921,0.002306,20,10,0.2,25,5,1
synthetic_013,geo_20_10_ling_20_vis_50,0.8523,0.2804,0.5718,0.002599,20,10,0.2,50,3,1
synthetic_013,geo_20_10_ling_30_vis_0,0.8523,0.4084,0.4439,0.003415,20,10,0.3,0,5,1
synthetic_013,geo_20_10_ling_30_vis_10,0.8523,0.4275,0.4248,0.002832,20,10,0.3,10,2,1
synthetic_013,geo_20_10_ling_30_vis_25,0.8523,0.3837,0.4686,0.002603,20,10,0.3,25,4,1
synthetic_013,geo_20_10_ling_30_vis_50,0.8523,0.1216,0.7307,0.003177,20,10,0.3,50,3,1
synthetic_013,geo_30_15_ling_0_vis_0,0.8523,0.5745,0.2777,0.001852,30,15,0.0,0,6,1
synthetic_013,geo_30_15_ling_0_vis_10,0.8523,0.276,0.5763,0.00339,30,15,0.0,10,5,1
synthetic_013,geo_30_15_ling_0_vis_25,0.8523,0.4925,0.3598,0.001799,30,15,0.0,25,2,1
synthetic_013,geo_30_15_ling_0_vis_50,0.8523,0.4214,0.4308,0.001723,30,15,0.0,50,4,1
synthetic_013,geo_30_15_ling_10_vis_0,0.8523,0.4578,0.3945,0.002466,30,15,0.1,0,2,1
synthetic_013,geo_30_15_ling_10_vis_10,0.8523,0.4115,0.4407,0.002449,30,15,0.1,10,3,1
synthetic_013,geo_30_15_ling_10_vis_25,0.8523,0.2765,0.5757,0.002742,30,15,0.1,25,6,1
synthetic_013,geo_30_15_ling_10_vis_50,0.8523,0.0282,0.8241,0.00317,30,15,0.1,50,3,1
synthetic_013,geo_30_15_ling_20_vis_0,0.8523,0.5326,0.3197,0.00188,30,15,0.2,0,7,1
synthetic_013,geo_30_15_ling_20_vis_10,0.8523,0.4432,0.4091,0.002153,30,15,0.2,10,6,1
synthetic_013,geo_30_15_ling_20_vis_25,0.8523,0.1925,0.6598,0.002999,30,15,0.2,25,5,1
synthetic_013,geo_30_15_ling_20_vis_50,0.8523,0.0571,0.7952,0.002945,30,15,0.2,50,5,1
synthetic_013,geo_30_15_ling_30_vis_0,0.8523,0.2286,0.6236,0.003465,30,15,0.3,0,7,1
synthetic_013,geo_30_15_ling_30_vis_10,0.8523,0.4794,0.3729,0.001864,30,15,0.3,10,5,1
synthetic_013,geo_30_15_ling_30_vis_25,0.8523,0.4657,0.3865,0.001681,30,15,0.3,25,2,1
synthetic_013,geo_30_15_ling_30_vis_50,0.8523,0.376,0.4762,0.001701,30,15,0.3,50,3,1
synthetic_014,geo_0_0_ling_0_vis_0,0.8588,0.8588,0.0,0.0,0,0,0.0,0,7,1
synthetic_014,geo_0_0_ling_0_vis_10,0.8588,0.7995,0.0593,0.002963,0,0,0.0,10,7,1
synthetic_014,geo_0_0_ling_0_vis_25,0.8588,0.73,0.1288,0.002575,0,0,0.0,25,5,1
synthetic_014,geo_0_0_ling_0_vis_50,0.8588,0.5658,0.2929,0.002929,0,0,0.0,50,6,1
synthetic_014,geo_0_0_ling_10_vis_0,0.8588,0.834,0.0247,0.002473,0,0,0.1,0,7,1
synthetic_014,geo_0_0_ling_10_vis_10,0.8588,0.7571,0.1017,0.003389,0,0,0.1,10,5,1
synthetic_014,geo_0_0_ling_10_vis_25,0.8588,0.7455,0.1132,0.001887,0,0,0.1,25,5,1
synthetic_014,geo_0_0_ling_10_vis_50,0.8588,0.6729,0.1859,0.00169,0,0,0.1,50,6,1
synthetic_014,geo_0_0_ling_20_vis_0,0.8588,0.8562,0.0026,0.000128,0,0,0.2,0,6,1
synthetic_014,geo_0_0_ling_20_vis_10,0.8588,0.8046,0.0542,0.001354,0,0,0.2,10,6,1
synthetic_014,geo_0_0_ling_20_vis_25,0.8588,0.7228,0.1359,0.001942,0,0,0.2,25,2,1
synthetic_014,geo_0_0_ling_20_vis_50,0.8588,0.5749,0.2838,0.002365,0,0,0.2,50,4,1
synthetic_014,geo_0_0_ling_30_vis_0,0.8588,0.7534,0.1053,0.003511,0,0,0.3,0,4,1
synthetic_014,geo_0_0_ling_30_vis_10,0.8588,0.7788,0.08,0.0016,0,0,0.3,10,4,1
synthetic_014,geo_0_0_ling_30_vis_25,0.8588,0.637,0.2217,0.002771,0,0,0.3,25,6,1
synthetic_014,geo_0_0_ling_30_vis_50,0.8588,0.5445,0.3143,0.002417,0,0,0.3,50,5,1
synthetic_014,geo_10_5_ling_0_vis_0,0.8588,0.6876,0.1712,0.003424,10,5,0.0,0,3,1
synthetic_014,geo_10_5_ling_0_vis_10,0.8588,0.683,0.1758,0.002511,10,5,0.0,10,5,1
synthetic_014,geo_10_5_ling_0_vis_25,0.8588,0.6136,0.2452,0.002452,10,5,0.0,25,5,1
synthetic_014,geo_10_5_ling_0_vis_50,0.8588,0.3961,0.4627,0.003085,10,5,0.0,50,2,1
synthetic_014,geo_10_5_ling_10_vis_0,0.8588,0.7492,0.1095,0.001826,10,5,0.1,0,3,1
synthetic_014,geo_10_5_ling_10_vis_10,0.8588,0.6096,0.2492,0.003115,10,5,0.1,10,4,1
synthetic_014,geo_10_5_ling_10_vis_25,0.8588,0.56,0.2987,0.002716,10,5,0.1,25,5,1
synthetic_014,geo_10_5_ling_10_vis_50,0.8588,0.5019,0.3568,0.00223,10,5,0.1,50,5,1
synthetic_014,geo_10_5_ling_20_vis_0,0.8588,0.6389,0.2199,0.003141,10,5,0.2,0,2,1
synthetic_014,geo_10_5_ling_20_vis_10,0.8588,0.5815,0.2772,0.003081,10,5,0.2,10,2,1
synthetic_014,geo_10_5_ling_20_vis_25,0.8588,0.5042,0.3546,0.002955,10,5,0.2,25,5,1
synthetic_014,geo_10_5_ling_20_vis_50,0.8588,0.3853,0.4735,0.002785,10,5,0.2,50,4,1
synthetic_014,geo_10_5_ling_30_vis_0,0.8588,0.7654,0.0933,0.001167,10,5,0.3,0,3,1
synthetic_014,geo_10_5_ling_30_vis_10,0.8588,0.6748,0.184,0.00184,10,5,0.3,10,6,1
synthetic_014,geo_10_5_ling_30_vis_25,0.8588,0.4148,0.4439,0.003415,10,5,0.3,25,7,1
synthetic_014,geo_10_5_ling_30_vis_50,0.8588,0.29,0.5687,0.00316,10,5,0.3,50,3,1
synthetic_014,geo_20_10_ling_0_vis_0,0.8588,0.6028,0.256,0.00256,20,10,0.0,0,4,1
synthetic_014,geo_20_10_ling_0_vis_10,0.8588,0.6653,0.1935,0.001612,20,10,0.0,10,6,1
synthetic_014,geo_20_10_ling_0_vis_25,0.8588,0.4833,0.3754,0.002503,20,10,0.0,25,2,1
synthetic_014,geo_20_10_ling_0_vis_50,0.8588,0.1525,0.7062,0.003531,20,10,0.0,50,6,1
synthetic_014,geo_20_10_ling_10_vis_0,0.8588,0.5454,0.3133,0.002848,20,10,0.1,0,2,1
synthetic_014,geo_20_10_ling_10_vis_10,0.8588,0.6345,0.2242,0.001725,20,10,0.1,10,4,1
synthetic_014,geo_20_10_ling_10_vis_25,0.8588,0.4484,0.4104,0.002565,20,10,0.1,25,7,1
synthetic_014,geo_20_10_ling_10_vis_50,0.8588,0.3068,0.552,0.002628,20,10,0.1,50,4,1
synthetic_014,geo_20_10_ling_20_vis_0,0.8588,0.5851,0.2737,0.002281,20,10,0.2,0,2,1
synthetic_014,geo_20_10_ling_20_vis_10,0.8588,0.3536,0.5052,0.003608,20,10,0.2,10,6,1
synthetic_014,geo_20_10_ling_20_vis_25,0.8588,0.2816,0.5771,0.003395,20,10,0.2,25,3,1
synthetic_014,geo_20_10_ling_20_vis_50,0.8588,0.3109,0.5479,0.00249,20,10,0.2,50,5,1
synthetic_014,geo_20_10_ling_30_vis_0,0.8588,0.5716,0.2872,0.002209,20,10,0.3,0,4,1
synthetic_014,geo_20_10_ling_30_vis_10,0.8588,0.3222,0.5366,0.003577,20,10,0.3,10,3,1
synthetic_014,geo_20_10_ling_30_vis_25,0.8588,0.3172,0.5415,0.003008,20,10,0.3,25,3,1
synthetic_014,geo_20_10_ling_30_vis_50,0.8588,0.1529,0.7058,0.003069,20,10,0.3,50,5,1
synthetic_014,geo_30_15_ling_0_vis_0,0.8588,0.3433,0.5154,0.003436,30,15,0.0,0,3,1
synthetic_014,geo_30_15_ling_0_vis_10,0.8588,0.5198,0.339,0.001994,30,15,0.0,10,3,1
synthetic_014,geo_30_15_ling_0_vis_25,0.8588,0.365,0.4937,0.002469,30,15,0.0,25,4,1
synthetic_014,geo_30_15_ling_0_vis_50,0.8588,0.454,0.4048,0.001619,30,15,0.0,50,4,1
synthetic_014,geo_30_15_ling_10_vis_0,0.8588,0.3326,0.5261,0.003288,30,15,0.1,0,2,1
synthetic_014,geo_30_15_ling_10_vis_10,0.8588,0.3025,0.5563,0.00309,30,15,0.1,10,2,1
synthetic_014,geo_30_15_ling_10_vis_25,0.8588,0.2786,0.5802,0.002763,30,15,0.1,25,3,1
synthetic_014,geo_30_15_ling_10_vis_50,0.8588,0.2965,0.5623,0.002163,30,15,0.1,50,3,1
synthetic_014,geo_30_15_ling_20_vis_0,0.8588,0.2414,0.6173,0.003631,30,15,0.2,0,3,1
synthetic_014,geo_30_15_ling_20_vis_10,0.8588,0.3626,0.4962,0.002612,30,15,0.2,10,3,1
synthetic_014,geo_30_15_ling_20_vis_25,0.8588,0.1479,0.7109,0.003231,30,15,0.2,25,2,1
synthetic_014,geo_30_15_ling_20_vis_50,0.8588,0.3442,0.5145,0.001906,30,15,0.2,50,3,1
synthetic_014,geo_30_15_ling_30_vis_0,0.8588,0.3514,0.5073,0.002819,30,15,0.3,0,4,1
synthetic_014,geo_30_15_ling_30_vis_10,0.8588,0.3627,0.4961,0.00248,30,15,0.3,10,6,1
synthetic_014,geo_30_15_ling_30_vis_25,0.8588,0.2922,0.5666,0.002463,30,15,0.3,25,5,1
synthetic_014,geo_30_15_ling_30_vis_50,0.8588,0.1787,0.68,0.002429,30,15,0.3,50,3,1
synthetic_015,geo_0_0_ling_0_vis_0,0.9285,0.9285,0.0,0.0,0,0,0.0,0,3,1
synthetic_015,geo_0_0_ling_0_vis_10,0.9285,0.8601,0.0684,0.003421,0,0,0.0,10,6,1
synthetic_015,geo_0_0_ling_0_vis_25,0.9285,0.8131,0.1155,0.002309,0,0,0.0,25,7,1
synthetic_015,geo_0_0_ling_0_vis_50,0.9285,0.7696,0.1589,0.001589,0,0,0.0,50,2,1
synthetic_015,geo_0_0_ling_10_vis_0,0.9285,0.8927,0.0358,0.003583,0,0,0.1,0,2,1
synthetic_015,geo_0_0_ling_10_vis_10,0.9285,0.8663,0.0623,0.002075,0,0,0.1,10,4,1
synthetic_015,geo_0_0_ling_10_vis_25,0.9285,0.7135,0.215,0.003584,0,0,0.1,25,3,1
synthetic_015,geo_0_0_ling_10_vis_50,0.9285,0.6035,0.325,0.002955,0,0,0.1,50,3,1
synthetic_015,geo_0_0_ling_20_vis_0,0.9285,0.899,0.0295,0.001473,0,0,0.2,0,6,1
synthetic_015,geo_0_0_ling_20_vis_10,0.9285,0.8591,0.0694,0.001735,0,0,0.2,10,7,1
synthetic_015,geo_0_0_ling_20_vis_25,0.9285,0.6985,0.23,0.003286,0,0,0.2,25,5,1
synthetic_015,geo_0_0_ling_20_vis_50,0.9285,0.606,0.3226,0.002688,0,0,0.2,50,6,1
synthetic_015,geo_0_0_ling_30_vis_0,0.9285,0.8518,0.0767,0.002558,0,0,0.3,0,6,1
synthetic_015,geo_0_0_ling_30_vis_10,0.9285,0.8349,0.0936,0.001873,0,0,0.3,10,4,1
synthetic_015,geo_0_0_ling_30_vis_25,0.9285,0.6451,0.2834,0.003542,0,0,0.3,25,5,1
synthetic_015,geo_0_0_ling_30_vis_50,0.9285,0.5588,0.3697,0.002844,0,0,0.3,50,6,1
synthetic_015,geo_10_5_ling_0_vis_0,0.9285,0.7605,0.168,0.00336,10,5,0.0,0,6,1
synthetic_015,geo_10_5_ling_0_vis_10,0.9285,0.719,0.2095,0.002993,10,5,0.0,10,4,1
synthetic_015,geo_10_5_ling_0_vis_25,0.9285,0.7314,0.1971,0.001971,10,5,0.0,25,7,1
synthetic_015,geo_10_5_ling_0_vis_50,0.9285,0.5983,0.3302,0.002202,10,5,0.0,50,7,1
synthetic_015,geo_10_5_ling_10_vis_0,0.9285,0.7566,0.172,0.002866,10,5,0.1,0,4,1
synthetic_015,geo_10_5_ling_10_vis_10,0.9285,0.7226,0.2059,0.002574,10,5,0.1,10,3,1
synthetic_015,geo_10_5_ling_10_vis_25,0.9285,0.5979,0.3307,0.003006,10,5,0.1,25,2,1
synthetic_015,geo_10_5_ling_10_vis_50,0.9285,0.6139,0.3146,0.001967,10,5,0.1,50,3,1
synthetic_015,geo_10_5_ling_20_vis_0,0.9285,0.7465,0.182,0.0026,10,5,0.2,0,2,1
synthetic_015,geo_10_5_ling_20_vis_10,0.9285,0.773,0.1555,0.001727,10,5,0.2,10,6,1
synthetic_015,geo_10_5_ling_20_vis_25,0.9285,0.684,0.2445,0.002038,10,5,0.2,25,5,1
synthetic_015,geo_10_5_ling_20_vis_50,0.9285,0.2807,0.6478,0.003811,10,5,0.2,50,3,1
synthetic_015,geo_10_5_ling_30_vis_0,0.9285,0.7034,0.2251,0.002814,10,5,0.3,0,2,1
synthetic_015,geo_10_5_ling_30_vis_10,0.9285,0.7182,0.2103,0.002103,10,5,0.3,10,3,1
synthetic_015,geo_10_5_ling_30_vis_25,0.9285,0.5524,0.3761,0.002893,10,5,0.3,25,4,1
synthetic_015,geo_10_5_ling_30_vis_50,0.9285,0.6263,0.3022,0.001679,10,5,0.3,50,2,1
synthetic_015,geo_20_10_ling_0_vis_0,0.9285,0.7007,0.2279,0.002279,20,10,0.0,0,5,1
synthetic_015,geo_20_10_ling_0_vis_10,0.9285,0.5719,0.3566,0.002972,20,10,0.0,10,6,1
synthetic_015,geo_20_10_ling_0_vis_25,0.9285,0.4672,0.4613,0.003075,20,10,0.0,25,5,1
synthetic_015,geo_20_10_ling_0_vis_50,0.9285,0.3155,0.613,0.003065,20,10,0.0,50,5,1
synthetic_015,geo_20_10_ling_10_vis_0,0.9285,0.6802,0.2484,0.002258,20,10,0.1,0,5,1
synthetic_015,geo_20_10_ling_10_vis_10,0.9285,0.5791,0.3494,0.002688,20,10,0.1,10,6,1
synthetic_015,geo_20_10_ling_10_vis_25,0.9285,0.417,0.5115,0.003197,20,10,0.1,25,4,1
synthetic_015,geo_20_10_ling_10_vis_50,0.9285,0.4321,0.4964,0.002364,20,10,0.1,50,6,1
synthetic_015,geo_20_10_ling_20_vis_0,0.9285,0.5808,0.3477,0.002897,20,10,0.2,0,7,1
synthetic_015,geo_20_10_ling_20_vis_10,0.9285,0.5584,0.3701,0.002644,20,10,0.2,10,5,1
synthetic_015,geo_20_10_ling_20_vis_25,0.9285,0.5927,0.3358,0.001975,20,10,0.2,25,5,1
synthetic_015,geo_20_10_ling_20_vis_50,0.9285,0.3189,0.6096,0.002771,20,10,0.2,50,3,1
synthetic_015,geo_20_10_ling_30_vis_0,0.9285,0.4857,0.4428,0.003406,20,10,0.3,0,7,1
synthetic_015,geo_20_10_ling_30_vis_10,0.9285,0.5037,0.4248,0.002832,20,10,0.3,10,4,1
synthetic_015,geo_20_10_ling_30_vis_25,0.9285,0.3517,0.5768,0.003204,20,10,0.3,25,5,1
synthetic_015,geo_20_10_ling_30_vis_50,0.9285,0.2714,0.6571,0.002857,20,10,0.3,50,5,1
synthetic_015,geo_30_15_ling_0_vis_0,0.9285,0.6485,0.28,0.001867,30,15,0.0,0,6,1
synthetic_015,geo_30_15_ling_0_vis_10,0.9285,0.5583,0.3702,0.002178,30,15,0.0,10,2,1
synthetic_015,geo_30_15_ling_0_vis_25,0.9285,0.2343,0.6942,0.003471,30,15,0.0,25,6,1
synthetic_015,geo_30_15_ling_0_vis_50,0.9285,0.523,0.4055,0.001622,30,15,0.0,50,4,1
synthetic_015,geo_30_15_ling_10_vis_0,0.9285,0.5796,0.349,0.002181,30,15,0.1,0,7,1
synthetic_015,geo_30_15_ling_10_vis_10,0.9285,0.5511,0.3774,0.002097,30,15,0.1,10,3,1
synthetic_015,geo_30_15_ling_10_vis_25,0.9285,0.5239,0.4046,0.001926,30,15,0.1,25,5,1
synthetic_015,geo_30_15_ling_10_vis_50,0.9285,0.1902,0.7384,0.00284,30,15,0.1,50,7,1
synthetic_015,geo_30_15_ling_20_vis_0,0.9285,0.3985,0.53,0.003118,30,15,0.2,0,5,1
synthetic_015,geo_30_15_ling_20_vis_10,0.9285,0.5112,0.4173,0.002196,30,15,0.2,10,3,1
synthetic_015,geo_30_15_ling_20_vis_25,0.9285,0.1763,0.7523,0.003419,30,15,0.2,25,3,1
synthetic_015,geo_30_15_ling_20_vis_50,0.9285,0.0002,0.9283,0.003438,30,15,0.2,50,6,1
synthetic_015,geo_30_15_ling_30_vis_0,0.9285,0.3328,0.5957,0.003309,30,15,0.3,0,5,1
synthetic_015,geo_30_15_ling_30_vis_10,0.9285,0.4546,0.4739,0.002369,30,15,0.3,10,4,1
synthetic_015,geo_30_15_ling_30_vis_25,0.9285,0.341,0.5875,0.002555,30,15,0.3,25,3,1
synthetic_015,geo_30_15_ling_30_vis_50,0.9285,0.252,0.6765,0.002416,30,15,0.3,50,3,1
synthetic_016,geo_0_0_ling_0_vis_0,0.8075,0.8057,0.0018,0.001752,0,0,0.0,0,4,1
synthetic_016,geo_0_0_ling_0_vis_10,0.8075,0.7666,0.0409,0.002047,0,0,0.0,10,7,1
synthetic_016,geo_0_0_ling_0_vis_25,0.8075,0.6903,0.1171,0.002343,0,0,0.0,25,4,1
synthetic_016,geo_0_0_ling_0_vis_50,0.8075,0.5453,0.2622,0.002622,0,0,0.0,50,3,1
synthetic_016,geo_0_0_ling_10_vis_0,0.8075,0.7709,0.0366,0.003658,0,0,0.1,0,2,1
synthetic_016,geo_0_0_ling_10_vis_10,0.8075,0.7451,0.0624,0.002079,0,0,0.1,10,7,1
synthetic_016,geo_0_0_ling_10_vis_25,0.8075,0.6668,0.1407,0.002344,0,0,0.1,25,6,1
synthetic_016,geo_0_0_ling_10_vis_50,0.8075,0.6349,0.1726,0.001569,0,0,0.1,50,4,1
synthetic_016,geo_0_0_ling_20_vis_0,0.8075,0.7622,0.0453,0.002263,0,0,0.2,0,4,1
synthetic_016,geo_0_0_ling_20_vis_10,0.8075,0.6789,0.1286,0.003215,0,0,0.2,10,5,1
synthetic_016,geo_0_0_ling_20_vis_25,0.8075,0.6216,0.1859,0.002655,0,0,0.2,25,2,1
synthetic_016,geo_0_0_ling_20_vis_50,0.8075,0.501,0.3065,0.002554,0,0,0.2,50,2,1
synthetic_016,geo_0_0_ling_30_vis_0,0.8075,0.7148,0.0927,0.003089,0,0,0.3,0,7,1
synthetic_016,geo_0_0_ling_30_vis_10,0.8075,0.6056,0.2019,0.004038,0,0,0.3,10,2,1
synthetic_016,geo_0_0_ling_30_vis_25,0.8075,0.6245,0.183,0.002287,0,0,0.3,25,5,1
synthetic_016,geo_0_0_ling_30_vis_50,0.8075,0.3945,0.413,0.003177,0,0,0.3,50,2,1
synthetic_016,geo_10_5_ling_0_vis_0,0.8075,0.6978,0.1097,0.002193,10,5,0.0,0,2,1
synthetic_016,geo_10_5_ling_0_vis_10,0.8075,0.6732,0.1342,0.001918,10,5,0.0,10,4,1
synthetic_016,geo_10_5_ling_0_vis_25,0.8075,0.5082,0.2993,0.002993,10,5,0.0,25,3,1
synthetic_016,geo_10_5_ling_0_vis_50,0.8075,0.3464,0.4611,0.003074,10,5,0.0,50,6,1
synthetic_016,geo_10_5_ling_10_vis_0,0.8075,0.7006,0.1069,0.001781,10,5,0.1,0,5,1
synthetic_016,geo_10_5_ling_10_vis_10,0.8075,0.69,0.1175,0.001469,10,5,0.1,10,2,1
synthetic_016,geo_10_5_ling_10_vis_25,0.8075,0.6136,0.1938,0.001762,10,5,0.1,25,4,1
synthetic_016,geo_10_5_ling_10_vis_50,0.8075,0.4373,0.3702,0.002314,10,5,0.1,50,4,1
synthetic_016,geo_10_5_ling_20_vis_0,0.8075,0.6404,0.1671,0.002387,10,5,0.2,0,7,1
synthetic_016,geo_10_5_ling_20_vis_10,0.8075,0.4685,0.339,0.003766,10,5,0.2,10,3,1
synthetic_016,geo_10_5_ling_20_vis_25,0.8075,0.4178,0.3897,0.003248,10,5,0.2,25,6,1
synthetic_016,geo_10_5_ling_20_vis_50,0.8075,0.3331,0.4744,0.00279,10,5,0.2,50,4,1
synthetic_016,geo_10_5_ling_30_vis_0,0.8075,0.5714,0.2361,0.002951,10,5,0.3,0,7,1
synthetic_016,geo_10_5_ling_30_vis_10,0.8075,0.5814,0.226,0.00226,10,5,0.3,10,7,1
synthetic_016,geo_10_5_ling_30_vis_25,0.8075,0.5129,0.2946,0.002266,10,5,0.3,25,2,1
synthetic_016,geo_10_5_ling_30_vis_50,0.8075,0.4021,0.4054,0.002252,10,5,0.3,50,5,1
synthetic_016,geo_20_10_ling_0_vis_0,0.8075,0.5777,0.2298,0.002298,20,10,0.0,0,4,1
synthetic_016,geo_20_10_ling_0_vis_10,0.8075,0.504,0.3035,0.002529,20,10,0.0,10,6,1
synthetic_016,geo_20_10_ling_0_vis_25,0.8075,0.2993,0.5082,0.003388,20,10,0.0,25,5,1
synthetic_016,geo_20_10_ling_0_vis_50,0.8075,0.2848,0.5227,0.002614,20,10,0.0,50,4,1
synthetic_016,geo_20_10_ling_10_vis_0,0.8075,0.4461,0.3614,0.003285,20,10,0.1,0,2,1
synthetic_016,geo_20_10_ling_10_vis_10,0.8075,0.5957,0.2118,0.001629,20,10,0.1,10,7,1
synthetic_016,geo_20_10_ling_10_vis_25,0.8075,0.4069,0.4006,0.002504,20,10,0.1,25,5,1
synthetic_016,geo_20_10_ling_10_vis_50,0.8075,0.4181,0.3894,0.001854,20,10,0.1,50,2,1
synthetic_016,geo_20_10_ling_20_vis_0,0.8075,0.409,0.3985,0.00332,20,10,0.2,0,2,1
synthetic_016,geo_20_10_ling_20_vis_10,0.8075,0.3591,0.4484,0.003203,20,10,0.2,10,6,1
synthetic_016,geo_20_10_ling_20_vis_25,0.8075,0.4821,0.3254,0.001914,20,10,0.2,25,6,1
synthetic_016,geo_20_10_ling_20_vis_50,0.8075,0.107,0.7005,0.003184,20,10,0.2,50,4,1
synthetic_016,geo_20_10_ling_30_vis_0,0.8075,0.6039,0.2036,0.001566,20,10,0.3,0,5,1
synthetic_016,geo_20_10_ling_30_vis_10,0.8075,0.4718,0.3357,0.002238,20,10,0.3,10,3,1
synthetic_016,geo_20_10_ling_30_vis_25,0.8075,0.3717,0.4358,0.002421,20,10,0.3,25,5,1
synthetic_016,geo_20_10_ling_30_vis_50,0.8075,0.0875,0.72,0.00313,20,10,0.3,50,6,1
synthetic_016,geo_30_15_ling_0_vis_0,0.8075,0.5131,0.2944,0.001963,30,15,0.0,0,3,1
synthetic_016,geo_30_15_ling_0_vis_10,0.8075,0.4875,0.32,0.001883,30,15,0.0,10,2,1
synthetic_016,geo_30_15_ling_0_vis_25,0.8075,0.3895,0.4179,0.00209,30,15,0.0,25,2,1
synthetic_016,geo_30_15_ling_0_vis_50,0.8075,0.0,0.8251,0.0033,30,15,0.0,50,3,1
synthetic_016,geo_30_15_ling_10_vis_0,0.8075,0.2947,0.5128,0.003205,30,15,0.1,0,7,1
synthetic_016,geo_30_15_ling_10_vis_10,0.8075,0.4209,0.3866,0.002148,30,15,0.1,10,7,1
synthetic_016,geo_30_15_ling_10_vis_25,0.8075,0.4146,0.3929,0.001871,30,15,0.1,25,7,1
synthetic_016,geo_30_15_ling_10_vis_50,0.8075,0.2387,0.5688,0.002188,30,15,0.1,50,6,1
synthetic_016,geo_30_15_ling_20_vis_0,0.8075,0.4941,0.3134,0.001844,30,15,0.2,0,7,1
synthetic_016,geo_30_15_ling_20_vis_10,0.8075,0.2819,0.5256,0.002766,30,15,0.2,10,7,1
synthetic_016,geo_30_15_ling_20_vis_25,0.8075,0.4833,0.3242,0.001474,30,15,0.2,25,5,1
synthetic_016,geo_30_15_ling_20_vis_50,0.8075,0.1133,0.6942,0.002571,30,15,0.2,50,3,1
synthetic_016,geo_30_15_ling_30_vis_0,0.8075,0.3789,0.4286,0.002381,30,15,0.3,0,7,1
synthetic_016,geo_30_15_ling_30_vis_10,0.8075,0.3885,0.419,0.002095,30,15,0.3,10,7,1
synthetic_016,geo_30_15_ling_30_vis_25,0.8075,0.3592,0.4482,0.001949,30,15,0.3,25,6,1
synthetic_016,geo_30_15_ling_30_vis_50,0.8075,0.1463,0.6612,0.002361,30,15,0.3,50,2,1
synthetic_017,geo_0_0_ling_0_vis_0,0.8358,0.8141,0.0217,0.021719,0,0,0.0,0,2,1
synthetic_017,geo_0_0_ling_0_vis_10,0.8358,0.7765,0.0593,0.002963,0,0,0.0,10,3,1
synthetic_017,geo_0_0_ling_0_vis_25,0.8358,0.713,0.1228,0.002455,0,0,0.0,25,6,1
synthetic_017,geo_0_0_ling_0_vis_50,0.8358,0.528,0.3078,0.003078,0,0,0.0,50,6,1
synthetic_017,geo_0_0_ling_10_vis_0,0.8358,0.8358,0.0,0.0,0,0,0.1,0,3,1
synthetic_017,geo_0_0_ling_10_vis_10,0.8358,0.7682,0.0676,0.002253,0,0,0.1,10,6,1
synthetic_017,geo_0_0_ling_10_vis_25,0.8358,0.7014,0.1344,0.00224,0,0,0.1,25,2,1
synthetic_017,geo_0_0_ling_10_vis_50,0.8358,0.4579,0.3779,0.003435,0,0,0.1,50,2,1
synthetic_017,geo_0_0_ling_20_vis_0,0.8358,0.7526,0.0831,0.004157,0,0,0.2,0,6,1
synthetic_017,geo_0_0_ling_20_vis_10,0.8358,0.7803,0.0555,0.001388,0,0,0.2,10,3,1
synthetic_017,geo_0_0_ling_20_vis_25,0.8358,0.6704,0.1653,0.002362,0,0,0.2,25,2,1
synthetic_017,geo_0_0_ling_20_vis_50,0.8358,0.4433,0.3924,0.00327,0,0,0.2,50,2,1
synthetic_017,geo_0_0_ling_30_vis_0,0.8358,0.7398,0.096,0.003201,0,0,0.3,0,7,1
synthetic_017,geo_0_0_ling_30_vis_10,0.8358,0.7222,0.1135,0.002271,0,0,0.3,10,4,1
synthetic_017,geo_0_0_ling_30_vis_25,0.8358,0.5808,0.255,0.003187,0,0,0.3,25,6,1
synthetic_017,geo_0_0_ling_30_vis_50,0.8358,0.5138,0.322,0.002477,0,0,0.3,50,2,1
synthetic_017,geo_10_5_ling_0_vis_0,0.8358,0.6813,0.1545,0.00309,10,5,0.0,0,7,1
synthetic_017,geo_10_5_ling_0_vis_10,0.8358,0.6625,0.1733,0.002475,10,5,0.0,10,2,1
synthetic_017,geo_10_5_ling_0_vis_25,0.8358,0.5341,0.3017,0.003017,10,5,0.0,25,2,1
synthetic_017,geo_10_5_ling_0_vis_50,0.8358,0.565,0.2708,0.001806,10,5,0.0,50,3,1
synthetic_017,geo_10_5_ling_10_vis_0,0.8358,0.6992,0.1366,0.002276,10,5,0.1,0,7,1
synthetic_017,geo_10_5_ling_10_vis_10,0.8358,0.6581,0.1777,0.002222,10,5,0.1,10,4,1
synthetic_017,geo_10_5_ling_10_vis_25,0.8358,0.5444,0.2914,0.002649,10,5,0.1,25,4,1
synthetic_017,geo_10_5_ling_10_vis_50,0.8358,0.4136,0.4222,0.002639,10,5,0.1,50,4,1
synthetic_017,geo_10_5_ling_20_vis_0,0.8358,0.5785,0.2573,0.003676,10,5,0.2,0,2,1
synthetic_017,geo_10_5_ling_20_vis_10,0.8358,0.6417,0.1941,0.002157,10,5,0.2,10,5,1
synthetic_017,geo_10_5_ling_20_vis_25,0.8358,0.6661,0.1697,0.001414,10,5,0.2,25,3,1
synthetic_017,geo_10_5_ling_20_vis_50,0.8358,0.2785,0.5573,0.003278,10,5,0.2,50,6,1
synthetic_017,geo_10_5_ling_30_vis_0,0.8358,0.6372,0.1986,0.002482,10,5,0.3,0,4,1
synthetic_017,geo_10_5_ling_30_vis_10,0.8358,0.5361,0.2997,0.002997,10,5,0.3,10,5,1
synthetic_017,geo_10_5_ling_30_vis_25,0.8358,0.4567,0.3791,0.002916,10,5,0.3,25,5,1
synthetic_017,geo_10_5_ling_30_vis_50,0.8358,0.4347,0.4011,0.002228,10,5,0.3,50,3,1
synthetic_017,geo_20_10_ling_0_vis_0,0.8358,0.4933,0.3425,0.003425,20,10,0.0,0,3,1
synthetic_017,geo_20_10_ling_0_vis_10,0.8358,0.4136,0.4222,0.003519,20,10,0.0,10,6,1
synthetic_017,geo_20_10_ling_0_vis_25,0.8358,0.4642,0.3716,0.002478,20,10,0.0,25,6,1
synthetic_017,geo_20_10_ling_0_vis_50,0.8358,0.228,0.6078,0.003039,20,10,0.0,50,7,1
synthetic_017,geo_20_10_ling_10_vis_0,0.8358,0.6109,0.2249,0.002044,20,10,0.1,0,6,1
synthetic_017,geo_20_10_ling_10_vis_10,0.8358,0.5778,0.2579,0.001984,20,10,0.1,10,7,1
synthetic_017,geo_20_10_ling_10_vis_25,0.8358,0.299,0.5368,0.003355,20,10,0.1,25,2,1
synthetic_017,geo_20_10_ling_10_vis_50,0.8358,0.258,0.5778,0.002751,20,10,0.1,50,3,1
synthetic_017,geo_20_10_ling_20_vis_0,0.8358,0.5537,0.2821,0.002351,20,10,0.2,0,2,1
synthetic_017,geo_20_10_ling_20_vis_10,0.8358,0.529,0.3068,0.002191,20,10,0.2,10,7,1
synthetic_017,geo_20_10_ling_20_vis_25,0.8358,0.3731,0.4627,0.002722,20,10,0.2,25,6,1
synthetic_017,geo_20_10_ling_20_vis_50,0.8358,0.3485,0.4873,0.002215,20,10,0.2,50,6,1
synthetic_017,geo_20_10_ling_30_vis_0,0.8358,0.4613,0.3744,0.00288,20,10,0.3,0,4,1
synthetic_017,geo_20_10_ling_30_vis_10,0.8358,0.4381,0.3977,0.002651,20,10,0.3,10,7,1
synthetic_017,geo_20_10_ling_30_vis_25,0.8358,0.5308,0.305,0.001695,20,10,0.3,25,7,1
synthetic_017,geo_20_10_ling_30_vis_50,0.8358,0.1183,0.7175,0.003119,20,10,0.3,50,3,1
synthetic_017,geo_30_15_ling_0_vis_0,0.8358,0.4213,0.4145,0.002763,30,15,0.0,0,2,1
synthetic_017,geo_30_15_ling_0_vis_10,0.8358,0.4623,0.3735,0.002197,30,15,0.0,10,7,1
synthetic_017,geo_30_15_ling_0_vis_25,0.8358,0.529,0.3068,0.001534,30,15,0.0,25,6,1
synthetic_017,geo_30_15_ling_0_vis_50,0.8358,0.1359,0.6999,0.002799,30,15,0.0,50,7,1
synthetic_017,geo_30_15_ling_10_vis_0,0.8358,0.3688,0.467,0.002919,30,15,0.1,0,4,1
synthetic_017,geo_30_15_ling_10_vis_10,0.8358,0.3867,0.4491,0.002495,30,15,0.1,10,6,1
synthetic_017,geo_30_15_ling_10_vis_25,0.8358,0.3509,0.4849,0.002309,30,15,0.1,25,4,1
synthetic_017,geo_30_15_ling_10_vis_50,0.8358,0.0177,0.8181,0.003147,30,15,0.1,50,6,1
synthetic_017,geo_30_15_ling_20_vis_0,0.8358,0.5347,0.3011,0.001771,30,15,0.2,0,6,1
synthetic_017,geo_30_15_ling_20_vis_10,0.8358,0.241,0.5948,0.003131,30,15,0.2,10,6,1
synthetic_017,geo_30_15_ling_20_vis_25,0.8358,0.336,0.4998,0.002272,30,15,0.2,25,6,1
synthetic_017,geo_30_15_ling_20_vis_50,0.8358,0.3478,0.488,0.001807,30,15,0.2,50,5,1
synthetic_017,geo_30_15_ling_30_vis_0,0.8358,0.2507,0.5851,0.003251,30,15,0.3,0,7,1
synthetic_017,geo_30_15_ling_30_vis_10,0.8358,0.3887,0.4471,0.002235,30,15,0.3,10,6,1
synthetic_017,geo_30_15_ling_30_vis_25,0.8358,0.3574,0.4784,0.00208,30,15,0.3,25,4,1
synthetic_017,geo_30_15_ling_30_vis_50,0.8358,0.4002,0.4356,0.001556,30,15,0.3,50,4,1
synthetic_018,geo_0_0_ling_0_vis_0,0.8749,0.8422,0.0327,0.032679,0,0,0.0,0,6,1
synthetic_018,geo_0_0_ling_0_vis_10,0.8749,0.7843,0.0906,0.004531,0,0,0.0,10,4,1
synthetic_018,geo_0_0_ling_0_vis_25,0.8749,0.7721,0.1029,0.002057,0,0,0.0,25,5,1
synthetic_018,geo_0_0_ling_0_vis_50,0.8749,0.5804,0.2945,0.002945,0,0,0.0,50,4,1
synthetic_018,geo_0_0_ling_10_vis_0,0.8749,0.834,0.0409,0.004094,0,0,0.1,0,4,1
synthetic_018,geo_0_0_ling_10_vis_10,0.8749,0.8438,0.0312,0.001039,0,0,0.1,10,6,1
synthetic_018,geo_0_0_ling_10_vis_25,0.8749,0.6448,0.2301,0.003835,0,0,0.1,25,5,1
synthetic_018,geo_0_0_ling_10_vis_50,0.8749,0.4922,0.3828,0.00348,0,0,0.1,50,7,1
synthetic_018,geo_0_0_ling_20_vis_0,0.8749,0.8037,0.0712,0.003561,0,0,0.2,0,7,1
synthetic_018,geo_0_0_ling_20_vis_10,0.8749,0.7952,0.0797,0.001993,0,0,0.2,10,4,1
synthetic_018,geo_0_0_ling_20_vis_25,0.8749,0.7072,0.1677,0.002395,0,0,0.2,25,2,1
synthetic_018,geo_0_0_ling_20_vis_50,0.8749,0.5392,0.3357,0.002798,0,0,0.2,50,3,1
synthetic_018,geo_0_0_ling_30_vis_0,0.8749,0.7816,0.0933,0.00311,0,0,0.3,0,2,1
synthetic_018,geo_0_0_ling_30_vis_10,0.8749,0.77,0.1049,0.002098,0,0,0.3,10,5,1
synthetic_018,geo_0_0_ling_30_vis_25,0.8749,0.7746,0.1004,0.001254,0,0,0.3,25,7,1
synthetic_018,geo_0_0_ling_30_vis_50,0.8749,0.5911,0.2839,0.002184,0,0,0.3,50,5,1
synthetic_018,geo_10_5_ling_0_vis_0,0.8749,0.7712,0.1037,0.002074,10,5,0.0,0,5,1
synthetic_018,geo_10_5_ling_0_vis_10,0.8749,0.6764,0.1985,0.002836,10,5,0.0,10,4,1
synthetic_018,geo_10_5_ling_0_vis_25,0.8749,0.5734,0.3015,0.003015,10,5,0.0,25,3,1
synthetic_018,geo_10_5_ling_0_vis_50,0.8749,0.3675,0.5074,0.003383,10,5,0.0,50,3,1
synthetic_018,geo_10_5_ling_10_vis_0,0.8749,0.6922,0.1828,0.003046,10,5,0.1,0,5,1
synthetic_018,geo_10_5_ling_10_vis_10,0.8749,0.7666,0.1084,0.001354,10,5,0.1,10,3,1
synthetic_018,geo_10_5_ling_10_vis_25,0.8749,0.6727,0.2022,0.001839,10,5,0.1,25,7,1
synthetic_018,geo_10_5_ling_10_vis_50,0.8749,0.4188,0.4561,0.002851,10,5,0.1,50,6,1
synthetic_018,geo_10_5_ling_20_vis_0,0.8749,0.6535,0.2214,0.003163,10,5,0.2,0,2,1
synthetic_018,geo_10_5_ling_20_vis_10,0.8749,0.5306,0.3443,0.003826,10,5,0.2,10,5,1
synthetic_018,geo_10_5_ling_20_vis_25,0.8749,0.6257,0.2492,0.002077,10,5,0.2,25,2,1
synthetic_018,geo_10_5_ling_20_vis_50,0.8749,0.4297,0.4453,0.002619,10,5,0.2,50,6,1
synthetic_018,geo_10_5_ling_30_vis_0,0.8749,0.7553,0.1197,0.001496,10,5,0.3,0,5,1
synthetic_018,geo_10_5_ling_30_vis_10,0.8749,0.5655,0.3095,0.003095,10,5,0.3,10,3,1
synthetic_018,geo_10_5_ling_30_vis_25,0.8749,0.4402,0.4348,0.003344,10,5,0.3,25,3,1
synthetic_018,geo_10_5_ling_30_vis_50,0.8749,0.47,0.4049,0.002249,10,5,0.3,50,3,1
synthetic_018,geo_20_10_ling_0_vis_0,0.8749,0.7136,0.1613,0.001613,20,10,0.0,0,3,1
synthetic_018,geo_20_10_ling_0_vis_10,0.8749,0.6816,0.1933,0.001611,20,10,0.0,10,6,1
synthetic_018,geo_20_10_ling_0_vis_25,0.8749,0.4992,0.3757,0.002505,20,10,0.0,25,6,1
synthetic_018,geo_20_10_ling_0_vis_50,0.8749,0.4916,0.3833,0.001917,20,10,0.0,50,5,1
synthetic_018,geo_20_10_ling_10_vis_0,0.8749,0.5564,0.3186,0.002896,20,10,0.1,0,6,1
synthetic_018,geo_20_10_ling_10_vis_10,0.8749,0.6897,0.1853,0.001425,20,10,0.1,10,6,1
synthetic_018,geo_20_10_ling_10_vis_25,0.8749,0.5765,0.2984,0.001865,20,10,0.1,25,7,1
synthetic_018,geo_20_10_ling_10_vis_50,0.8749,0.191,0.6839,0.003257,20,10,0.1,50,7,1
synthetic_018,geo_20_10_ling_20_vis_0,0.8749,0.5672,0.3078,0.002565,20,10,0.2,0,7,1
synthetic_018,geo_20_10_ling_20_vis_10,0.8749,0.6622,0.2127,0.001519,20,10,0.2,10,7,1
synthetic_018,geo_20_10_ling_20_vis_25,0.8749,0.3761,0.4988,0.002934,20,10,0.2,25,5,1
synthetic_018,geo_20_10_ling_20_vis_50,0.8749,0.447,0.4279,0.001945,20,10,0.2,50,7,1
synthetic_018,geo_20_10_ling_30_vis_0,0.8749,0.4461,0.4289,0.003299,20,10,0.3,0,3,1
synthetic_018,geo_20_10_ling_30_vis_10,0.8749,0.404,0.471,0.00314,20,10,0.3,10,3,1
synthetic_018,geo_20_10_ling_30_vis_25,0.8749,0.5263,0.3486,0.001937,20,10,0.3,25,2,1
synthetic_018,geo_20_10_ling_30_vis_50,0.8749,0.2758,0.5991,0.002605,20,10,0.3,50,4,1
synthetic_018,geo_30_15_ling_0_vis_0,0.8749,0.374,0.501,0.00334,30,15,0.0,0,6,1
synthetic_018,geo_30_15_ling_0_vis_10,0.8749,0.2717,0.6032,0.003548,30,15,0.0,10,2,1
synthetic_018,geo_30_15_ling_0_vis_25,0.8749,0.1984,0.6765,0.003382,30,15,0.0,25,6,1
synthetic_018,geo_30_15_ling_0_vis_50,0.8749,0.1361,0.7388,0.002955,30,15,0.0,50,5,1
synthetic_018,geo_30_15_ling_10_vis_0,0.8749,0.4888,0.3861,0.002413,30,15,0.1,0,4,1
synthetic_018,geo_30_15_ling_10_vis_10,0.8749,0.2963,0.5786,0.003215,30,15,0.1,10,5,1
synthetic_018,geo_30_15_ling_10_vis_25,0.8749,0.3666,0.5083,0.00242,30,15,0.1,25,6,1
synthetic_018,geo_30_15_ling_10_vis_50,0.8749,0.0,0.8854,0.003405,30,15,0.1,50,6,1
synthetic_018,geo_30_15_ling_20_vis_0,0.8749,0.4446,0.4303,0.002531,30,15,0.2,0,7,1
synthetic_018,geo_30_15_ling_20_vis_10,0.8749,0.3104,0.5646,0.002971,30,15,0.2,10,5,1
synthetic_018,geo_30_15_ling_20_vis_25,0.8749,0.1161,0.7588,0.003449,30,15,0.2,25,4,1
synthetic_018,geo_30_15_ling_20_vis_50,0.8749,0.3903,0.4847,0.001795,30,15,0.2,50,7,1
synthetic_018,geo_30_15_ling_30_vis_0,0.8749,0.2926,0.5823,0.003235,30,15,0.3,0,4,1
synthetic_018,geo_30_15_ling_30_vis_10,0.8749,0.5062,0.3687,0.001844,30,15,0.3,10,3,1
synthetic_018,geo_30_15_ling_30_vis_25,0.8749,0.0868,0.7881,0.003427,30,15,0.3,25,7,1
synthetic_018,geo_30_15_ling_30_vis_50,0.8749,0.3374,0.5375,0.00192,30,15,0.3,50,7,1
synthetic_019,geo_0_0_ling_0_vis_0,0.8006,0.8006,0.0,0.0,0,0,0.0,0,4,1
synthetic_019,geo_0_0_ling_0_vis_10,0.8006,0.722,0.0786,0.003929,0,0,0.0,10,6,1
synthetic_019,geo_0_0_ling_0_vis_25,0.8006,0.7301,0.0705,0.001409,0,0,0.0,25,7,1
synthetic_019,geo_0_0_ling_0_vis_50,0.8006,0.5329,0.2676,0.002676,0,0,0.0,50,5,1
synthetic_019,geo_0_0_ling_10_vis_0,0.8006,0.7746,0.0259,0.002592,0,0,0.1,0,5,1
synthetic_019,geo_0_0_ling_10_vis_10,0.8006,0.7255,0.0751,0.002503,0,0,0.1,10,2,1
synthetic_019,geo_0_0_ling_10_vis_25,0.8006,0.7341,0.0665,0.001108,0,0,0.1,25,2,1
synthetic_019,geo_0_0_ling_10_vis_50,0.8006,0.5826,0.218,0.001982,0,0,0.1,50,3,1
synthetic_019,geo_0_0_ling_20_vis_0,0.8006,0.7298,0.0708,0.003539,0,0,0.2,0,4,1
synthetic_019,geo_0_0_ling_20_vis_10,0.8006,0.71,0.0905,0.002264,0,0,0.2,10,4,1
synthetic_019,geo_0_0_ling_20_vis_25,0.8006,0.5957,0.2049,0.002927,0,0,0.2,25,7,1
synthetic_019,geo_0_0_ling_20_vis_50,0.8006,0.487,0.3136,0.002613,0,0,0.2,50,2,1
synthetic_019,geo_0_0_ling_30_vis_0,0.8006,0.7168,0.0838,0.002793,0,0,0.3,0,7,1
synthetic_019,geo_0_0_ling_30_vis_10,0.8006,0.6307,0.1699,0.003398,0,0,0.3,10,6,1
synthetic_019,geo_0_0_ling_30_vis_25,0.8006,0.597,0.2035,0.002544,0,0,0.3,25,2,1
synthetic_019,geo_0_0_ling_30_vis_50,0.8006,0.4707,0.3298,0.002537,0,0,0.3,50,5,1
synthetic_019,geo_10_5_ling_0_vis_0,0.8006,0.7171,0.0834,0.001669,10,5,0.0,0,7,1
synthetic_019,geo_10_5_ling_0_vis_10,0.8006,0.5216,0.279,0.003986,10,5,0.0,10,5,1
synthetic_019,geo_10_5_ling_0_vis_25,0.8006,0.6766,0.1239,0.001239,10,5,0.0,25,5,1
synthetic_019,geo_10_5_ling_0_vis_50,0.8006,0.3642,0.4363,0.002909,10,5,0.0,50,7,1
synthetic_019,geo_10_5_ling_10_vis_0,0.8006,0.5831,0.2174,0.003624,10,5,0.1,0,3,1
synthetic_019,geo_10_5_ling_10_vis_10,0.8006,0.5867,0.2139,0.002673,10,5,0.1,10,4,1
synthetic_019,geo_10_5_ling_10_vis_25,0.8006,0.5336,0.2669,0.002427,10,5,0.1,25,3,1
synthetic_019,geo_10_5_ling_10_vis_50,0.8006,0.3317,0.4689,0.002931,10,5,0.1,50,6,1
synthetic_019,geo_10_5_ling_20_vis_0,0.8006,0.5826,0.2179,0.003113,10,5,0.2,0,7,1
synthetic_019,geo_10_5_ling_20_vis_10,0.8006,0.6495,0.1511,0.001679,10,5,0.2,10,4,1
synthetic_019,geo_10_5_ling_20_vis_25,0.8006,0.509,0.2916,0.00243,10,5,0.2,25,4,1
synthetic_019,geo_10_5_ling_20_vis_50,0.8006,0.4312,0.3694,0.002173,10,5,0.2,50,6,1
synthetic_019,geo_10_5_ling_30_vis_0,0.8006,0.5166,0.2839,0.003549,10,5,0.3,0,5,1
synthetic_019,geo_10_5_ling_30_vis_10,0.8006,0.5272,0.2734,0.002734,10,5,0.3,10,7,1
synthetic_019,geo_10_5_ling_30_vis_25,0.8006,0.4118,0.3888,0.002991,10,5,0.3,25,6,1
synthetic_019,geo_10_5_ling_30_vis_50,0.8006,0.2211,0.5794,0.003219,10,5,0.3,50,5,1
synthetic_019,geo_20_10_ling_0_vis_0,0.8006,0.5855,0.215,0.00215,20,10,0.0,0,6,1
synthetic_019,geo_20_10_ling_0_vis_10,0.8006,0.6051,0.1955,0.001629,20,10,0.0,10,2,1
synthetic_019,geo_20_10_ling_0_vis_25,0.8006,0.3855,0.4151,0.002767,20,10,0.0,25,4,1
synthetic_019,geo_20_10_ling_0_vis_50,0.8006,0.1863,0.6142,0.003071,20,10,0.0,50,3,1
synthetic_019,geo_20_10_ling_10_vis_0,0.8006,0.5694,0.2312,0.002102,20,10,0.1,0,5,1
synthetic_019,geo_20_10_ling_10_vis_10,0.8006,0.577,0.2235,0.001719,20,10,0.1,10,4,1
synthetic_019,geo_20_10_ling_10_vis_25,0.8006,0.5245,0.276,0.001725,20,10,0.1,25,7,1
synthetic_019,geo_20_10_ling_10_vis_50,0.8006,0.32,0.4805,0.002288,20,10,0.1,50,3,1
synthetic_019,geo_20_10_ling_20_vis_0,0.8006,0.5698,0.2307,0.001923,20,10,0.2,0,3,1
synthetic_019,geo_20_10_ling_20_vis_10,0.8006,0.5264,0.2741,0.001958,20,10,0.2,10,6,1
synthetic_019,geo_20_10_ling_20_vis_25,0.8006,0.4844,0.3162,0.00186,20,10,0.2,25,5,1
synthetic_019,geo_20_10_ling_20_vis_50,0.8006,0.2919,0.5086,0.002312,20,10,0.2,50,3,1
synthetic_019,geo_20_10_ling_30_vis_0,0.8006,0.3575,0.443,0.003408,20,10,0.3,0,5,1
synthetic_019,geo_20_10_ling_30_vis_10,0.8006,0.4955,0.305,0.002033,20,10,0.3,10,2,1
synthetic_019,geo_20_10_ling_30_vis_25,0.8006,0.3692,0.4314,0.002397,20,10,0.3,25,6,1
synthetic_019,geo_20_10_ling_30_vis_50,0.8006,0.2562,0.5443,0.002367,20,10,0.3,50,2,1
synthetic_019,geo_30_15_ling_0_vis_0,0.8006,0.3299,0.4706,0.003137,30,15,0.0,0,5,1
synthetic_019,geo_30_15_ling_0_vis_10,0.8006,0.4737,0.3269,0.001923,30,15,0.0,10,3,1
synthetic_019,geo_30_15_ling_0_vis_25,0.8006,0.4079,0.3926,0.001963,30,15,0.0,25,6,1
synthetic_019,geo_30_15_ling_0_vis_50,0.8006,0.094,0.7065,0.002826,30,15,0.0,50,3,1
synthetic_019,geo_30_15_ling_10_vis_0,0.8006,0.3912,0.4094,0.002559,30,15,0.1,0,5,1
synthetic_019,geo_30_15_ling_10_vis_10,0.8006,0.3069,0.4936,0.002742,30,15,0.1,10,6,1
synthetic_019,geo_30_15_ling_10_vis_25,0.8006,0.1026,0.698,0.003324,30,15,0.1,25,4,1
synthetic_019,geo_30_15_ling_10_vis_50,0.8006,0.1807,0.6198,0.002384,30,15,0.1,50,3,1
synthetic_019,geo_30_15_ling_20_vis_0,0.8006,0.4369,0.3637,0.002139,30,15,0.2,0,6,1
synthetic_019,geo_30_15_ling_20_vis_10,0.8006,0.4849,0.3156,0.001661,30,15,0.2,10,6,1
synthetic_019,geo_30_15_ling_20_vis_25,0.8006,0.4153,0.3852,0.001751,30,15,0.2,25,2,1
synthetic_019,geo_30_15_ling_20_vis_50,0.8006,0.0313,0.7693,0.002849,30,15,0.2,50,4,1
synthetic_019,geo_30_15_ling_30_vis_0,0.8006,0.3125,0.4881,0.002712,30,15,0.3,0,3,1
synthetic_019,geo_30_15_ling_30_vis_10,0.8006,0.1832,0.6173,0.003087,30,15,0.3,10,6,1
synthetic_019,geo_30_15_ling_30_vis_25,0.8006,0.3149,0.4856,0.002111,30,15,0.3,25,3,1
synthetic_019,geo_30_15_ling_30_vis_50,0.8006,0.1462,0.6544,0.002337,30,15,0.3,50,3,1
